Workbook

Sheet Dados Físicos
A1: N_Jogo | B1: Group/Stage | C1: Stage | D1: Date | E1: Local Time | F1: Time_of_day | G1: Stadium | H1: Stadium_type | I1: City | J1: Team | K1: Origin_climate | L1: Team_classification | M1: Team_elimination | N1: Opponent | O1: Opponent_classification | P1: Opponent_elimination | Q1: Ranking_difference | R1: Team_ide | S1: Player_id | T1: Player # | U1: Player | V1: Player_position | W1: Player_age | X1: Entrou | Y1: Saiu | Z1: Duração 1º tempo | AA1: Tempo jogado (1º tempo) | AB1: Duração 2º tempo | AC1: Tempo jogado (2º tempo) | AD1: Duração Prorrogação | AE1: Tempo jogado (prorrogação) | AF1: Played_minutes | AG1: Total Distance (m) | AH1: Zone 1:0-7 km/h (m) | AI1: Zone 2:7-15 km/h (m) | AJ1: Zone 3:15-20 km/h (m) | AK1: Zone 4:20-25 km/h (m) | AL1: Zone 5:25+km/h (m) | AM1: # High Speed Runs (Zone 3) | AN1: # Sprints (Zone 4 & 5) | AO1: Top_Speed | AP1: Total_distance_min | AQ1: Zone1_min | AR1: Zone2_min | AS1: Zone12_min | AT1: Zone3_min | AU1: Zone4_min | AV1: Zone5_min | AW1: Zone45_min | AX1: N_zone3_min | AY1: N_zone4e5_min | AZ1: Temp | BA1: Tdew | BB1: UR | BC1: UA | BD1: RAD | BE1: V | BF1: TN | BG1: TG | BH1: WBGT
A2: 1 | B2: Group A | C2: Group | D2: 45822 | E2: 0.83333333 | F2: =VLOOKUP(A2,Jogos!A:N,10,0) -> Evening | G2: Hard Rock Stadium | H2: =VLOOKUP(A2,Jogos!A:L,12,0) -> Open | I2: =VLOOKUP(G2,'Estádios e Cidades'!A:B,2,0) -> Miami Gardens - Flórida | J2: Al Ahly FC | K2: =VLOOKUP(J2,Equipes!A:F,6,0) -> Tropical | L2: =VLOOKUP(J2,Equipes!A:C,3,0) -> 25 | M2: =if(L2<3,"Final",IF(L2<5,"Semi-final",if(L2<9,"Quarter-final",if(L2<17,"Round of 16","Group")))) -> Group | N2: Inter Miami CF | O2: =VLOOKUP(N2,Equipes!A:C,3,0) -> 16 | P2: =if(O2<3,"Final",IF(O2<5,"Semi-final",if(O2<9,"Quarter-final",if(O2<17,"Round of 16","Group")))) -> Round of 16 | Q2: =L2-O2 -> 9 | R2: =VLOOKUP(J2,Equipes!A:B,2,0) -> AlAhly | S2: 5-AlAhly | T2: 5 | U2: Mohamed Ali BEN ROMDHANE | V2: =VLOOKUP(U2,Jogadores!B:C,2,0) -> MF | W2: =VLOOKUP(U2,Jogadores!B:D,3,0) -> 25.909589 | X2: 0 | Y2: 65 | Z2: =VLOOKUP(A2,Jogos!A:L,3,0) -> 48 | AA2: =IF(X2<45,if(Y2>=45,Z2-X2,if(Y2<=Z2,Y2-X2,Z2)),0) -> 48 | AB2: =VLOOKUP(A2,Jogos!A:L,4,0) -> 53 | AC2: =IF(X2<45,if(Y2<=45,0,Y2-45),AB2+45-X2) -> 20 | AF2: =AE2+AC2+AA2 -> 68 | AG2: 7541.9 | AH2: 2606 | AI2: 3421.8 | AJ2: 961.6 | AK2: 413.3 | AL2: 139.2 | AM2: 81 | AN2: 32 | AO2: 34.6 | AP2: =AG2/$AF2 -> 110.91029 | AQ2: =AH2/$AF2 -> 38.323529 | AR2: =AI2/$AF2 -> 50.320588 | AS2: =AQ2+AR2 -> 88.644118 | AT2: =AJ2/$AF2 -> 14.141176 | AU2: =AK2/$AF2 -> 6.0779412 | AV2: =AL2/$AF2 -> 2.0470588 | AW2: =(AK2+AL2)/AF2 -> 8.125 | AX2: =AM2/$AF2 -> 1.1911765 | AY2: =AN2/$AF2 -> 0.47058824 | AZ2: =VLOOKUP(A2,Jogos!A:BN,58,0) -> 28.26 | BA2: =VLOOKUP(A2,Jogos!A:BN,59,0) -> 22.895 | BB2: =VLOOKUP(A2,Jogos!A:BN,60,0) -> 72 | BC2: =VLOOKUP(A2,Jogos!A:BN,61,0) -> 27.605 | BD2: =VLOOKUP(A2,Jogos!A:BN,62,0) -> 0.5 | BE2: =VLOOKUP(A2,Jogos!A:BN,63,0) -> 2.07 | BF2: =VLOOKUP(A2,Jogos!A:BN,64,0) -> 24.755 | BG2: =VLOOKUP(A2,Jogos!A:BN,65,0) -> 42.805 | BH2: =VLOOKUP(A2,Jogos!A:BN,66,0) -> 28.715
A3: 1 | B3: Group A | C3: Group | D3: 45822 | E3: 0.83333333 | F3: =VLOOKUP(A3,Jogos!A:N,10,0) -> Evening | G3: Hard Rock Stadium | H3: =VLOOKUP(A3,Jogos!A:L,12,0) -> Open | I3: =VLOOKUP(G3,'Estádios e Cidades'!A:B,2,0) -> Miami Gardens - Flórida | J3: Al Ahly FC | K3: =VLOOKUP(J3,Equipes!A:F,6,0) -> Tropical | L3: =VLOOKUP(J3,Equipes!A:C,3,0) -> 25 | M3: =if(L3<3,"Final",IF(L3<5,"Semi-final",if(L3<9,"Quarter-final",if(L3<17,"Round of 16","Group")))) -> Group | N3: Inter Miami CF | O3: =VLOOKUP(N3,Equipes!A:C,3,0) -> 16 | P3: =if(O3<3,"Final",IF(O3<5,"Semi-final",if(O3<9,"Quarter-final",if(O3<17,"Round of 16","Group")))) -> Round of 16 | Q3: =L3-O3 -> 9 | R3: =VLOOKUP(J3,Equipes!A:B,2,0) -> AlAhly | S3: 6-AlAhly | T3: 6 | U3: YASSER IBRAHIM | V3: =VLOOKUP(U3,Jogadores!B:C,2,0) -> DF | W3: =VLOOKUP(U3,Jogadores!B:D,3,0) -> 32.482192 | X3: 0 | Y3: =45+AB3 -> 98 | Z3: =VLOOKUP(A3,Jogos!A:L,3,0) -> 48 | AA3: =IF(X3<45,if(Y3>=45,Z3-X3,if(Y3<=Z3,Y3-X3,Z3)),0) -> 48 | AB3: =VLOOKUP(A3,Jogos!A:L,4,0) -> 53 | AC3: =IF(X3<45,if(Y3<=45,0,Y3-45),AB3+45-X3) -> 53 | AF3: =AE3+AC3+AA3 -> 101 | AG3: 9231.5 | AH3: 4069.6 | AI3: 3477.4 | AJ3: 1076.8 | AK3: 480.2 | AL3: 127.5 | AM3: 90 | AN3: 43 | AO3: 28.9 | AP3: =AG3/$AF3 -> 91.40099 | AQ3: =AH3/$AF3 -> 40.293069 | AR3: =AI3/$AF3 -> 34.429703 | AS3: =AQ3+AR3 -> 74.722772 | AT3: =AJ3/$AF3 -> 10.661386 | AU3: =AK3/$AF3 -> 4.7544554 | AV3: =AL3/$AF3 -> 1.2623762 | AW3: =(AK3+AL3)/AF3 -> 6.0168317 | AX3: =AM3/$AF3 -> 0.89108911 | AY3: =AN3/$AF3 -> 0.42574257 | AZ3: =VLOOKUP(A3,Jogos!A:BN,58,0) -> 28.26 | BA3: =VLOOKUP(A3,Jogos!A:BN,59,0) -> 22.895 | BB3: =VLOOKUP(A3,Jogos!A:BN,60,0) -> 72 | BC3: =VLOOKUP(A3,Jogos!A:BN,61,0) -> 27.605 | BD3: =VLOOKUP(A3,Jogos!A:BN,62,0) -> 0.5 | BE3: =VLOOKUP(A3,Jogos!A:BN,63,0) -> 2.07 | BF3: =VLOOKUP(A3,Jogos!A:BN,64,0) -> 24.755 | BG3: =VLOOKUP(A3,Jogos!A:BN,65,0) -> 42.805 | BH3: =VLOOKUP(A3,Jogos!A:BN,66,0) -> 28.715
A4: 1 | B4: Group A | C4: Group | D4: 45822 | E4: 0.83333333 | F4: =VLOOKUP(A4,Jogos!A:N,10,0) -> Evening | G4: Hard Rock Stadium | H4: =VLOOKUP(A4,Jogos!A:L,12,0) -> Open | I4: =VLOOKUP(G4,'Estádios e Cidades'!A:B,2,0) -> Miami Gardens - Flórida | J4: Al Ahly FC | K4: =VLOOKUP(J4,Equipes!A:F,6,0) -> Tropical | L4: =VLOOKUP(J4,Equipes!A:C,3,0) -> 25 | M4: =if(L4<3,"Final",IF(L4<5,"Semi-final",if(L4<9,"Quarter-final",if(L4<17,"Round of 16","Group")))) -> Group | N4: Inter Miami CF | O4: =VLOOKUP(N4,Equipes!A:C,3,0) -> 16 | P4: =if(O4<3,"Final",IF(O4<5,"Semi-final",if(O4<9,"Quarter-final",if(O4<17,"Round of 16","Group")))) -> Round of 16 | Q4: =L4-O4 -> 9 | R4: =VLOOKUP(J4,Equipes!A:B,2,0) -> AlAhly | S4: 7-AlAhly | T4: 7 | U4: TREZEGUET | V4: =VLOOKUP(U4,Jogadores!B:C,2,0) -> MF | W4: =VLOOKUP(U4,Jogadores!B:D,3,0) -> 30.843836 | X4: 0 | Y4: 65 | Z4: =VLOOKUP(A4,Jogos!A:L,3,0) -> 48 | AA4: =IF(X4<45,if(Y4>=45,Z4-X4,if(Y4<=Z4,Y4-X4,Z4)),0) -> 48 | AB4: =VLOOKUP(A4,Jogos!A:L,4,0) -> 53 | AC4: =IF(X4<45,if(Y4<=45,0,Y4-45),AB4+45-X4) -> 20 | AF4: =AE4+AC4+AA4 -> 68 | AG4: 7088.6 | AH4: 3075.2 | AI4: 2362 | AJ4: 917.8 | AK4: 451.3 | AL4: 282.4 | AM4: 87 | AN4: 43 | AO4: 35.4 | AP4: =AG4/$AF4 -> 104.24412 | AQ4: =AH4/$AF4 -> 45.223529 | AR4: =AI4/$AF4 -> 34.735294 | AS4: =AQ4+AR4 -> 79.958824 | AT4: =AJ4/$AF4 -> 13.497059 | AU4: =AK4/$AF4 -> 6.6367647 | AV4: =AL4/$AF4 -> 4.1529412 | AW4: =(AK4+AL4)/AF4 -> 10.789706 | AX4: =AM4/$AF4 -> 1.2794118 | AY4: =AN4/$AF4 -> 0.63235294 | AZ4: =VLOOKUP(A4,Jogos!A:BN,58,0) -> 28.26 | BA4: =VLOOKUP(A4,Jogos!A:BN,59,0) -> 22.895 | BB4: =VLOOKUP(A4,Jogos!A:BN,60,0) -> 72 | BC4: =VLOOKUP(A4,Jogos!A:BN,61,0) -> 27.605 | BD4: =VLOOKUP(A4,Jogos!A:BN,62,0) -> 0.5 | BE4: =VLOOKUP(A4,Jogos!A:BN,63,0) -> 2.07 | BF4: =VLOOKUP(A4,Jogos!A:BN,64,0) -> 24.755 | BG4: =VLOOKUP(A4,Jogos!A:BN,65,0) -> 42.805 | BH4: =VLOOKUP(A4,Jogos!A:BN,66,0) -> 28.715
A5: 1 | B5: Group A | C5: Group | D5: 45822 | E5: 0.83333333 | F5: =VLOOKUP(A5,Jogos!A:N,10,0) -> Evening | G5: Hard Rock Stadium | H5: =VLOOKUP(A5,Jogos!A:L,12,0) -> Open | I5: =VLOOKUP(G5,'Estádios e Cidades'!A:B,2,0) -> Miami Gardens - Flórida | J5: Al Ahly FC | K5: =VLOOKUP(J5,Equipes!A:F,6,0) -> Tropical | L5: =VLOOKUP(J5,Equipes!A:C,3,0) -> 25 | M5: =if(L5<3,"Final",IF(L5<5,"Semi-final",if(L5<9,"Quarter-final",if(L5<17,"Round of 16","Group")))) -> Group | N5: Inter Miami CF | O5: =VLOOKUP(N5,Equipes!A:C,3,0) -> 16 | P5: =if(O5<3,"Final",IF(O5<5,"Semi-final",if(O5<9,"Quarter-final",if(O5<17,"Round of 16","Group")))) -> Round of 16 | Q5: =L5-O5 -> 9 | R5: =VLOOKUP(J5,Equipes!A:B,2,0) -> AlAhly | S5: 8-AlAhly | T5: 8 | U5: HAMDY FATHY | V5: =VLOOKUP(U5,Jogadores!B:C,2,0) -> MF | W5: =VLOOKUP(U5,Jogadores!B:D,3,0) -> 30.849315 | X5: 0 | Y5: =45+AB5 -> 98 | Z5: =VLOOKUP(A5,Jogos!A:L,3,0) -> 48 | AA5: =IF(X5<45,if(Y5>=45,Z5-X5,if(Y5<=Z5,Y5-X5,Z5)),0) -> 48 | AB5: =VLOOKUP(A5,Jogos!A:L,4,0) -> 53 | AC5: =IF(X5<45,if(Y5<=45,0,Y5-45),AB5+45-X5) -> 53 | AF5: =AE5+AC5+AA5 -> 101 | AG5: 10752.5 | AH5: 3938.6 | AI5: 4783.3 | AJ5: 1455.4 | AK5: 470.3 | AL5: 104.8 | AM5: 148 | AN5: 37 | AO5: 37.1 | AP5: =AG5/$AF5 -> 106.4604 | AQ5: =AH5/$AF5 -> 38.99604 | AR5: =AI5/$AF5 -> 47.359406 | AS5: =AQ5+AR5 -> 86.355446 | AT5: =AJ5/$AF5 -> 14.409901 | AU5: =AK5/$AF5 -> 4.6564356 | AV5: =AL5/$AF5 -> 1.0376238 | AW5: =(AK5+AL5)/AF5 -> 5.6940594 | AX5: =AM5/$AF5 -> 1.4653465 | AY5: =AN5/$AF5 -> 0.36633663 | AZ5: =VLOOKUP(A5,Jogos!A:BN,58,0) -> 28.26 | BA5: =VLOOKUP(A5,Jogos!A:BN,59,0) -> 22.895 | BB5: =VLOOKUP(A5,Jogos!A:BN,60,0) -> 72 | BC5: =VLOOKUP(A5,Jogos!A:BN,61,0) -> 27.605 | BD5: =VLOOKUP(A5,Jogos!A:BN,62,0) -> 0.5 | BE5: =VLOOKUP(A5,Jogos!A:BN,63,0) -> 2.07 | BF5: =VLOOKUP(A5,Jogos!A:BN,64,0) -> 24.755 | BG5: =VLOOKUP(A5,Jogos!A:BN,65,0) -> 42.805 | BH5: =VLOOKUP(A5,Jogos!A:BN,66,0) -> 28.715
A6: 1 | B6: Group A | C6: Group | D6: 45822 | E6: 0.83333333 | F6: =VLOOKUP(A6,Jogos!A:N,10,0) -> Evening | G6: Hard Rock Stadium | H6: =VLOOKUP(A6,Jogos!A:L,12,0) -> Open | I6: =VLOOKUP(G6,'Estádios e Cidades'!A:B,2,0) -> Miami Gardens - Flórida | J6: Al Ahly FC | K6: =VLOOKUP(J6,Equipes!A:F,6,0) -> Tropical | L6: =VLOOKUP(J6,Equipes!A:C,3,0) -> 25 | M6: =if(L6<3,"Final",IF(L6<5,"Semi-final",if(L6<9,"Quarter-final",if(L6<17,"Round of 16","Group")))) -> Group | N6: Inter Miami CF | O6: =VLOOKUP(N6,Equipes!A:C,3,0) -> 16 | P6: =if(O6<3,"Final",IF(O6<5,"Semi-final",if(O6<9,"Quarter-final",if(O6<17,"Round of 16","Group")))) -> Round of 16 | Q6: =L6-O6 -> 9 | R6: =VLOOKUP(J6,Equipes!A:B,2,0) -> AlAhly | S6: 9-AlAhly | T6: 9 | U6: WESSAM ABOU ALI | V6: =VLOOKUP(U6,Jogadores!B:C,2,0) -> FW | W6: =VLOOKUP(U6,Jogadores!B:D,3,0) -> 26.580822 | X6: 0 | Y6: 79 | Z6: =VLOOKUP(A6,Jogos!A:L,3,0) -> 48 | AA6: =IF(X6<45,if(Y6>=45,Z6-X6,if(Y6<=Z6,Y6-X6,Z6)),0) -> 48 | AB6: =VLOOKUP(A6,Jogos!A:L,4,0) -> 53 | AC6: =IF(X6<45,if(Y6<=45,0,Y6-45),AB6+45-X6) -> 34 | AF6: =AE6+AC6+AA6 -> 82 | AG6: 8025.4 | AH6: 3449.3 | AI6: 2465.5 | AJ6: 1258.1 | AK6: 600.8 | AL6: 251.6 | AM6: 113 | AN6: 50 | AO6: 34 | AP6: =AG6/$AF6 -> 97.870732 | AQ6: =AH6/$AF6 -> 42.064634 | AR6: =AI6/$AF6 -> 30.067073 | AS6: =AQ6+AR6 -> 72.131707 | AT6: =AJ6/$AF6 -> 15.342683 | AU6: =AK6/$AF6 -> 7.3268293 | AV6: =AL6/$AF6 -> 3.0682927 | AW6: =(AK6+AL6)/AF6 -> 10.395122 | AX6: =AM6/$AF6 -> 1.3780488 | AY6: =AN6/$AF6 -> 0.6097561 | AZ6: =VLOOKUP(A6,Jogos!A:BN,58,0) -> 28.26 | BA6: =VLOOKUP(A6,Jogos!A:BN,59,0) -> 22.895 | BB6: =VLOOKUP(A6,Jogos!A:BN,60,0) -> 72 | BC6: =VLOOKUP(A6,Jogos!A:BN,61,0) -> 27.605 | BD6: =VLOOKUP(A6,Jogos!A:BN,62,0) -> 0.5 | BE6: =VLOOKUP(A6,Jogos!A:BN,63,0) -> 2.07 | BF6: =VLOOKUP(A6,Jogos!A:BN,64,0) -> 24.755 | BG6: =VLOOKUP(A6,Jogos!A:BN,65,0) -> 42.805 | BH6: =VLOOKUP(A6,Jogos!A:BN,66,0) -> 28.715
A7: 1 | B7: Group A | C7: Group | D7: 45822 | E7: 0.83333333 | F7: =VLOOKUP(A7,Jogos!A:N,10,0) -> Evening | G7: Hard Rock Stadium | H7: =VLOOKUP(A7,Jogos!A:L,12,0) -> Open | I7: =VLOOKUP(G7,'Estádios e Cidades'!A:B,2,0) -> Miami Gardens - Flórida | J7: Al Ahly FC | K7: =VLOOKUP(J7,Equipes!A:F,6,0) -> Tropical | L7: =VLOOKUP(J7,Equipes!A:C,3,0) -> 25 | M7: =if(L7<3,"Final",IF(L7<5,"Semi-final",if(L7<9,"Quarter-final",if(L7<17,"Round of 16","Group")))) -> Group | N7: Inter Miami CF | O7: =VLOOKUP(N7,Equipes!A:C,3,0) -> 16 | P7: =if(O7<3,"Final",IF(O7<5,"Semi-final",if(O7<9,"Quarter-final",if(O7<17,"Round of 16","Group")))) -> Round of 16 | Q7: =L7-O7 -> 9 | R7: =VLOOKUP(J7,Equipes!A:B,2,0) -> AlAhly | S7: 13-AlAhly | T7: 13 | U7: MARAWAN ATTIA | V7: =VLOOKUP(U7,Jogadores!B:C,2,0) -> MF | W7: =VLOOKUP(U7,Jogadores!B:D,3,0) -> 26.978082 | X7: 0 | Y7: =45+AB7 -> 98 | Z7: =VLOOKUP(A7,Jogos!A:L,3,0) -> 48 | AA7: =IF(X7<45,if(Y7>=45,Z7-X7,if(Y7<=Z7,Y7-X7,Z7)),0) -> 48 | AB7: =VLOOKUP(A7,Jogos!A:L,4,0) -> 53 | AC7: =IF(X7<45,if(Y7<=45,0,Y7-45),AB7+45-X7) -> 53 | AF7: =AE7+AC7+AA7 -> 101 | AG7: 10304.8 | AH7: 4118.7 | AI7: 4392.1 | AJ7: 1322.2 | AK7: 318.2 | AL7: 153.5 | AM7: 113 | AN7: 31 | AO7: 43.5 | AP7: =AG7/$AF7 -> 102.02772 | AQ7: =AH7/$AF7 -> 40.779208 | AR7: =AI7/$AF7 -> 43.486139 | AS7: =AQ7+AR7 -> 84.265347 | AT7: =AJ7/$AF7 -> 13.091089 | AU7: =AK7/$AF7 -> 3.150495 | AV7: =AL7/$AF7 -> 1.519802 | AW7: =(AK7+AL7)/AF7 -> 4.670297 | AX7: =AM7/$AF7 -> 1.1188119 | AY7: =AN7/$AF7 -> 0.30693069 | AZ7: =VLOOKUP(A7,Jogos!A:BN,58,0) -> 28.26 | BA7: =VLOOKUP(A7,Jogos!A:BN,59,0) -> 22.895 | BB7: =VLOOKUP(A7,Jogos!A:BN,60,0) -> 72 | BC7: =VLOOKUP(A7,Jogos!A:BN,61,0) -> 27.605 | BD7: =VLOOKUP(A7,Jogos!A:BN,62,0) -> 0.5 | BE7: =VLOOKUP(A7,Jogos!A:BN,63,0) -> 2.07 | BF7: =VLOOKUP(A7,Jogos!A:BN,64,0) -> 24.755 | BG7: =VLOOKUP(A7,Jogos!A:BN,65,0) -> 42.805 | BH7: =VLOOKUP(A7,Jogos!A:BN,66,0) -> 28.715
A8: 1 | B8: Group A | C8: Group | D8: 45822 | E8: 0.83333333 | F8: =VLOOKUP(A8,Jogos!A:N,10,0) -> Evening | G8: Hard Rock Stadium | H8: =VLOOKUP(A8,Jogos!A:L,12,0) -> Open | I8: =VLOOKUP(G8,'Estádios e Cidades'!A:B,2,0) -> Miami Gardens - Flórida | J8: Al Ahly FC | K8: =VLOOKUP(J8,Equipes!A:F,6,0) -> Tropical | L8: =VLOOKUP(J8,Equipes!A:C,3,0) -> 25 | M8: =if(L8<3,"Final",IF(L8<5,"Semi-final",if(L8<9,"Quarter-final",if(L8<17,"Round of 16","Group")))) -> Group | N8: Inter Miami CF | O8: =VLOOKUP(N8,Equipes!A:C,3,0) -> 16 | P8: =if(O8<3,"Final",IF(O8<5,"Semi-final",if(O8<9,"Quarter-final",if(O8<17,"Round of 16","Group")))) -> Round of 16 | Q8: =L8-O8 -> 9 | R8: =VLOOKUP(J8,Equipes!A:B,2,0) -> AlAhly | S8: 15-AlAhly | T8: 15 | U8: Achraf DARI | V8: =VLOOKUP(U8,Jogadores!B:C,2,0) -> DF | W8: =VLOOKUP(U8,Jogadores!B:D,3,0) -> 26.246575 | X8: 0 | Y8: =45+AB8 -> 98 | Z8: =VLOOKUP(A8,Jogos!A:L,3,0) -> 48 | AA8: =IF(X8<45,if(Y8>=45,Z8-X8,if(Y8<=Z8,Y8-X8,Z8)),0) -> 48 | AB8: =VLOOKUP(A8,Jogos!A:L,4,0) -> 53 | AC8: =IF(X8<45,if(Y8<=45,0,Y8-45),AB8+45-X8) -> 53 | AF8: =AE8+AC8+AA8 -> 101 | AG8: 9267.2 | AH8: 4048.6 | AI8: 3938.4 | AJ8: 846.4 | AK8: 318.9 | AL8: 114.9 | AM8: 78 | AN8: 29 | AO8: 33 | AP8: =AG8/$AF8 -> 91.754455 | AQ8: =AH8/$AF8 -> 40.085149 | AR8: =AI8/$AF8 -> 38.994059 | AS8: =AQ8+AR8 -> 79.079208 | AT8: =AJ8/$AF8 -> 8.380198 | AU8: =AK8/$AF8 -> 3.1574257 | AV8: =AL8/$AF8 -> 1.1376238 | AW8: =(AK8+AL8)/AF8 -> 4.2950495 | AX8: =AM8/$AF8 -> 0.77227723 | AY8: =AN8/$AF8 -> 0.28712871 | AZ8: =VLOOKUP(A8,Jogos!A:BN,58,0) -> 28.26 | BA8: =VLOOKUP(A8,Jogos!A:BN,59,0) -> 22.895 | BB8: =VLOOKUP(A8,Jogos!A:BN,60,0) -> 72 | BC8: =VLOOKUP(A8,Jogos!A:BN,61,0) -> 27.605 | BD8: =VLOOKUP(A8,Jogos!A:BN,62,0) -> 0.5 | BE8: =VLOOKUP(A8,Jogos!A:BN,63,0) -> 2.07 | BF8: =VLOOKUP(A8,Jogos!A:BN,64,0) -> 24.755 | BG8: =VLOOKUP(A8,Jogos!A:BN,65,0) -> 42.805 | BH8: =VLOOKUP(A8,Jogos!A:BN,66,0) -> 28.715
A9: 1 | B9: Group A | C9: Group | D9: 45822 | E9: 0.83333333 | F9: =VLOOKUP(A9,Jogos!A:N,10,0) -> Evening | G9: Hard Rock Stadium | H9: =VLOOKUP(A9,Jogos!A:L,12,0) -> Open | I9: =VLOOKUP(G9,'Estádios e Cidades'!A:B,2,0) -> Miami Gardens - Flórida | J9: Al Ahly FC | K9: =VLOOKUP(J9,Equipes!A:F,6,0) -> Tropical | L9: =VLOOKUP(J9,Equipes!A:C,3,0) -> 25 | M9: =if(L9<3,"Final",IF(L9<5,"Semi-final",if(L9<9,"Quarter-final",if(L9<17,"Round of 16","Group")))) -> Group | N9: Inter Miami CF | O9: =VLOOKUP(N9,Equipes!A:C,3,0) -> 16 | P9: =if(O9<3,"Final",IF(O9<5,"Semi-final",if(O9<9,"Quarter-final",if(O9<17,"Round of 16","Group")))) -> Round of 16 | Q9: =L9-O9 -> 9 | R9: =VLOOKUP(J9,Equipes!A:B,2,0) -> AlAhly | S9: 22-AlAhly | T9: 22 | U9: EMAM ASHOUR | V9: =VLOOKUP(U9,Jogadores!B:C,2,0) -> MF | W9: =VLOOKUP(U9,Jogadores!B:D,3,0) -> 27.452055 | X9: 0 | Y9: 14 | Z9: =VLOOKUP(A9,Jogos!A:L,3,0) -> 48 | AA9: =IF(X9<45,if(Y9>=45,Z9-X9,if(Y9<=Z9,Y9-X9,Z9)),0) -> 14 | AB9: =VLOOKUP(A9,Jogos!A:L,4,0) -> 53 | AC9: =IF(X9<45,if(Y9<=45,0,Y9-45),AB9+45-X9) -> 0 | AF9: =AE9+AC9+AA9 -> 14 | AG9: 1569.2 | AH9: 463.3 | AI9: 695 | AJ9: 269.9 | AK9: 100.8 | AL9: 40.2 | AM9: 26 | AN9: 9 | AO9: 30 | AP9: =AG9/$AF9 -> 112.08571 | AQ9: =AH9/$AF9 -> 33.092857 | AR9: =AI9/$AF9 -> 49.642857 | AS9: =AQ9+AR9 -> 82.735714 | AT9: =AJ9/$AF9 -> 19.278571 | AU9: =AK9/$AF9 -> 7.2 | AV9: =AL9/$AF9 -> 2.8714286 | AW9: =(AK9+AL9)/AF9 -> 10.071429 | AX9: =AM9/$AF9 -> 1.8571429 | AY9: =AN9/$AF9 -> 0.64285714 | AZ9: =VLOOKUP(A9,Jogos!A:BN,58,0) -> 28.26 | BA9: =VLOOKUP(A9,Jogos!A:BN,59,0) -> 22.895 | BB9: =VLOOKUP(A9,Jogos!A:BN,60,0) -> 72 | BC9: =VLOOKUP(A9,Jogos!A:BN,61,0) -> 27.605 | BD9: =VLOOKUP(A9,Jogos!A:BN,62,0) -> 0.5 | BE9: =VLOOKUP(A9,Jogos!A:BN,63,0) -> 2.07 | BF9: =VLOOKUP(A9,Jogos!A:BN,64,0) -> 24.755 | BG9: =VLOOKUP(A9,Jogos!A:BN,65,0) -> 42.805 | BH9: =VLOOKUP(A9,Jogos!A:BN,66,0) -> 28.715
A10: 1 | B10: Group A | C10: Group | D10: 45822 | E10: 0.83333333 | F10: =VLOOKUP(A10,Jogos!A:N,10,0) -> Evening | G10: Hard Rock Stadium | H10: =VLOOKUP(A10,Jogos!A:L,12,0) -> Open | I10: =VLOOKUP(G10,'Estádios e Cidades'!A:B,2,0) -> Miami Gardens - Flórida | J10: Al Ahly FC | K10: =VLOOKUP(J10,Equipes!A:F,6,0) -> Tropical | L10: =VLOOKUP(J10,Equipes!A:C,3,0) -> 25 | M10: =if(L10<3,"Final",IF(L10<5,"Semi-final",if(L10<9,"Quarter-final",if(L10<17,"Round of 16","Group")))) -> Group | N10: Inter Miami CF | O10: =VLOOKUP(N10,Equipes!A:C,3,0) -> 16 | P10: =if(O10<3,"Final",IF(O10<5,"Semi-final",if(O10<9,"Quarter-final",if(O10<17,"Round of 16","Group")))) -> Round of 16 | Q10: =L10-O10 -> 9 | R10: =VLOOKUP(J10,Equipes!A:B,2,0) -> AlAhly | S10: 30-AlAhly | T10: 30 | U10: MOHAMED HANY | V10: =VLOOKUP(U10,Jogadores!B:C,2,0) -> DF | W10: =VLOOKUP(U10,Jogadores!B:D,3,0) -> 29.526027 | X10: 0 | Y10: =45+AB10 -> 98 | Z10: =VLOOKUP(A10,Jogos!A:L,3,0) -> 48 | AA10: =IF(X10<45,if(Y10>=45,Z10-X10,if(Y10<=Z10,Y10-X10,Z10)),0) -> 48 | AB10: =VLOOKUP(A10,Jogos!A:L,4,0) -> 53 | AC10: =IF(X10<45,if(Y10<=45,0,Y10-45),AB10+45-X10) -> 53 | AF10: =AE10+AC10+AA10 -> 101 | AG10: 9650.4 | AH10: 4190.5 | AI10: 3834.7 | AJ10: 1010.4 | AK10: 430.9 | AL10: 184 | AM10: 80 | AN10: 39 | AO10: 31.4 | AP10: =AG10/$AF10 -> 95.548515 | AQ10: =AH10/$AF10 -> 41.490099 | AR10: =AI10/$AF10 -> 37.967327 | AS10: =AQ10+AR10 -> 79.457426 | AT10: =AJ10/$AF10 -> 10.00396 | AU10: =AK10/$AF10 -> 4.2663366 | AV10: =AL10/$AF10 -> 1.8217822 | AW10: =(AK10+AL10)/AF10 -> 6.0881188 | AX10: =AM10/$AF10 -> 0.79207921 | AY10: =AN10/$AF10 -> 0.38613861 | AZ10: =VLOOKUP(A10,Jogos!A:BN,58,0) -> 28.26 | BA10: =VLOOKUP(A10,Jogos!A:BN,59,0) -> 22.895 | BB10: =VLOOKUP(A10,Jogos!A:BN,60,0) -> 72 | BC10: =VLOOKUP(A10,Jogos!A:BN,61,0) -> 27.605 | BD10: =VLOOKUP(A10,Jogos!A:BN,62,0) -> 0.5 | BE10: =VLOOKUP(A10,Jogos!A:BN,63,0) -> 2.07 | BF10: =VLOOKUP(A10,Jogos!A:BN,64,0) -> 24.755 | BG10: =VLOOKUP(A10,Jogos!A:BN,65,0) -> 42.805 | BH10: =VLOOKUP(A10,Jogos!A:BN,66,0) -> 28.715
A11: 1 | B11: Group A | C11: Group | D11: 45822 | E11: 0.83333333 | F11: =VLOOKUP(A11,Jogos!A:N,10,0) -> Evening | G11: Hard Rock Stadium | H11: =VLOOKUP(A11,Jogos!A:L,12,0) -> Open | I11: =VLOOKUP(G11,'Estádios e Cidades'!A:B,2,0) -> Miami Gardens - Flórida | J11: Al Ahly FC | K11: =VLOOKUP(J11,Equipes!A:F,6,0) -> Tropical | L11: =VLOOKUP(J11,Equipes!A:C,3,0) -> 25 | M11: =if(L11<3,"Final",IF(L11<5,"Semi-final",if(L11<9,"Quarter-final",if(L11<17,"Round of 16","Group")))) -> Group | N11: Inter Miami CF | O11: =VLOOKUP(N11,Equipes!A:C,3,0) -> 16 | P11: =if(O11<3,"Final",IF(O11<5,"Semi-final",if(O11<9,"Quarter-final",if(O11<17,"Round of 16","Group")))) -> Round of 16 | Q11: =L11-O11 -> 9 | R11: =VLOOKUP(J11,Equipes!A:B,2,0) -> AlAhly | S11: 36-AlAhly | T11: 36 | U11: AHMED KOKA | V11: =VLOOKUP(U11,Jogadores!B:C,2,0) -> MF | W11: =VLOOKUP(U11,Jogadores!B:D,3,0) -> 24.082192 | X11: 0 | Y11: =45+AB11 -> 98 | Z11: =VLOOKUP(A11,Jogos!A:L,3,0) -> 48 | AA11: =IF(X11<45,if(Y11>=45,Z11-X11,if(Y11<=Z11,Y11-X11,Z11)),0) -> 48 | AB11: =VLOOKUP(A11,Jogos!A:L,4,0) -> 53 | AC11: =IF(X11<45,if(Y11<=45,0,Y11-45),AB11+45-X11) -> 53 | AF11: =AE11+AC11+AA11 -> 101 | AG11: 9262.7 | AH11: 4260.4 | AI11: 3560.6 | AJ11: 969.3 | AK11: 353 | AL11: 119.4 | AM11: 82 | AN11: 38 | AO11: 31 | AP11: =AG11/$AF11 -> 91.709901 | AQ11: =AH11/$AF11 -> 42.182178 | AR11: =AI11/$AF11 -> 35.253465 | AS11: =AQ11+AR11 -> 77.435644 | AT11: =AJ11/$AF11 -> 9.5970297 | AU11: =AK11/$AF11 -> 3.4950495 | AV11: =AL11/$AF11 -> 1.1821782 | AW11: =(AK11+AL11)/AF11 -> 4.6772277 | AX11: =AM11/$AF11 -> 0.81188119 | AY11: =AN11/$AF11 -> 0.37623762 | AZ11: =VLOOKUP(A11,Jogos!A:BN,58,0) -> 28.26 | BA11: =VLOOKUP(A11,Jogos!A:BN,59,0) -> 22.895 | BB11: =VLOOKUP(A11,Jogos!A:BN,60,0) -> 72 | BC11: =VLOOKUP(A11,Jogos!A:BN,61,0) -> 27.605 | BD11: =VLOOKUP(A11,Jogos!A:BN,62,0) -> 0.5 | BE11: =VLOOKUP(A11,Jogos!A:BN,63,0) -> 2.07 | BF11: =VLOOKUP(A11,Jogos!A:BN,64,0) -> 24.755 | BG11: =VLOOKUP(A11,Jogos!A:BN,65,0) -> 42.805 | BH11: =VLOOKUP(A11,Jogos!A:BN,66,0) -> 28.715
A12: 1 | B12: Group A | C12: Group | D12: 45822 | E12: 0.83333333 | F12: =VLOOKUP(A12,Jogos!A:N,10,0) -> Evening | G12: Hard Rock Stadium | H12: =VLOOKUP(A12,Jogos!A:L,12,0) -> Open | I12: =VLOOKUP(G12,'Estádios e Cidades'!A:B,2,0) -> Miami Gardens - Flórida | J12: Al Ahly FC | K12: =VLOOKUP(J12,Equipes!A:F,6,0) -> Tropical | L12: =VLOOKUP(J12,Equipes!A:C,3,0) -> 25 | M12: =if(L12<3,"Final",IF(L12<5,"Semi-final",if(L12<9,"Quarter-final",if(L12<17,"Round of 16","Group")))) -> Group | N12: Inter Miami CF | O12: =VLOOKUP(N12,Equipes!A:C,3,0) -> 16 | P12: =if(O12<3,"Final",IF(O12<5,"Semi-final",if(O12<9,"Quarter-final",if(O12<17,"Round of 16","Group")))) -> Round of 16 | Q12: =L12-O12 -> 9 | R12: =VLOOKUP(J12,Equipes!A:B,2,0) -> AlAhly | S12: 10-AlAhly | T12: 10 | U12: Nejc GRADISAR | V12: =VLOOKUP(U12,Jogadores!B:C,2,0) -> FW | W12: =VLOOKUP(U12,Jogadores!B:D,3,0) -> 22.991781 | X12: 79 | Y12: =45+AB12 -> 98 | Z12: =VLOOKUP(A12,Jogos!A:L,3,0) -> 48 | AA12: =IF(X12<45,if(Y12>=45,Z12-X12,if(Y12<=Z12,Y12-X12,Z12)),0) -> 0 | AB12: =VLOOKUP(A12,Jogos!A:L,4,0) -> 53 | AC12: =IF(X12<45,if(Y12<=45,0,Y12-45),AB12+45-X12) -> 19 | AF12: =AE12+AC12+AA12 -> 19 | AG12: 2011.5 | AH12: 581.8 | AI12: 874.5 | AJ12: 367 | AK12: 122.4 | AL12: 65.9 | AM12: 28 | AN12: 11 | AO12: 33 | AP12: =AG12/$AF12 -> 105.86842 | AQ12: =AH12/$AF12 -> 30.621053 | AR12: =AI12/$AF12 -> 46.026316 | AS12: =AQ12+AR12 -> 76.647368 | AT12: =AJ12/$AF12 -> 19.315789 | AU12: =AK12/$AF12 -> 6.4421053 | AV12: =AL12/$AF12 -> 3.4684211 | AW12: =(AK12+AL12)/AF12 -> 9.9105263 | AX12: =AM12/$AF12 -> 1.4736842 | AY12: =AN12/$AF12 -> 0.57894737 | AZ12: =VLOOKUP(A12,Jogos!A:BN,58,0) -> 28.26 | BA12: =VLOOKUP(A12,Jogos!A:BN,59,0) -> 22.895 | BB12: =VLOOKUP(A12,Jogos!A:BN,60,0) -> 72 | BC12: =VLOOKUP(A12,Jogos!A:BN,61,0) -> 27.605 | BD12: =VLOOKUP(A12,Jogos!A:BN,62,0) -> 0.5 | BE12: =VLOOKUP(A12,Jogos!A:BN,63,0) -> 2.07 | BF12: =VLOOKUP(A12,Jogos!A:BN,64,0) -> 24.755 | BG12: =VLOOKUP(A12,Jogos!A:BN,65,0) -> 42.805 | BH12: =VLOOKUP(A12,Jogos!A:BN,66,0) -> 28.715
A13: 1 | B13: Group A | C13: Group | D13: 45822 | E13: 0.83333333 | F13: =VLOOKUP(A13,Jogos!A:N,10,0) -> Evening | G13: Hard Rock Stadium | H13: =VLOOKUP(A13,Jogos!A:L,12,0) -> Open | I13: =VLOOKUP(G13,'Estádios e Cidades'!A:B,2,0) -> Miami Gardens - Flórida | J13: Al Ahly FC | K13: =VLOOKUP(J13,Equipes!A:F,6,0) -> Tropical | L13: =VLOOKUP(J13,Equipes!A:C,3,0) -> 25 | M13: =if(L13<3,"Final",IF(L13<5,"Semi-final",if(L13<9,"Quarter-final",if(L13<17,"Round of 16","Group")))) -> Group | N13: Inter Miami CF | O13: =VLOOKUP(N13,Equipes!A:C,3,0) -> 16 | P13: =if(O13<3,"Final",IF(O13<5,"Semi-final",if(O13<9,"Quarter-final",if(O13<17,"Round of 16","Group")))) -> Round of 16 | Q13: =L13-O13 -> 9 | R13: =VLOOKUP(J13,Equipes!A:B,2,0) -> AlAhly | S13: 14-AlAhly | T13: 14 | U13: HUSSEIN ELSHAHAT | V13: =VLOOKUP(U13,Jogadores!B:C,2,0) -> MF | W13: =VLOOKUP(U13,Jogadores!B:D,3,0) -> 33.123288 | X13: 65 | Y13: =45+AB13 -> 98 | Z13: =VLOOKUP(A13,Jogos!A:L,3,0) -> 48 | AA13: =IF(X13<45,if(Y13>=45,Z13-X13,if(Y13<=Z13,Y13-X13,Z13)),0) -> 0 | AB13: =VLOOKUP(A13,Jogos!A:L,4,0) -> 53 | AC13: =IF(X13<45,if(Y13<=45,0,Y13-45),AB13+45-X13) -> 33 | AF13: =AE13+AC13+AA13 -> 33 | AG13: 3166.6 | AH13: 1508.1 | AI13: 1054.1 | AJ13: 411 | AK13: 142.9 | AL13: 50.6 | AM13: 41 | AN13: 15 | AO13: 31.5 | AP13: =AG13/$AF13 -> 95.957576 | AQ13: =AH13/$AF13 -> 45.7 | AR13: =AI13/$AF13 -> 31.942424 | AS13: =AQ13+AR13 -> 77.642424 | AT13: =AJ13/$AF13 -> 12.454545 | AU13: =AK13/$AF13 -> 4.330303 | AV13: =AL13/$AF13 -> 1.5333333 | AW13: =(AK13+AL13)/AF13 -> 5.8636364 | AX13: =AM13/$AF13 -> 1.2424242 | AY13: =AN13/$AF13 -> 0.45454545 | AZ13: =VLOOKUP(A13,Jogos!A:BN,58,0) -> 28.26 | BA13: =VLOOKUP(A13,Jogos!A:BN,59,0) -> 22.895 | BB13: =VLOOKUP(A13,Jogos!A:BN,60,0) -> 72 | BC13: =VLOOKUP(A13,Jogos!A:BN,61,0) -> 27.605 | BD13: =VLOOKUP(A13,Jogos!A:BN,62,0) -> 0.5 | BE13: =VLOOKUP(A13,Jogos!A:BN,63,0) -> 2.07 | BF13: =VLOOKUP(A13,Jogos!A:BN,64,0) -> 24.755 | BG13: =VLOOKUP(A13,Jogos!A:BN,65,0) -> 42.805 | BH13: =VLOOKUP(A13,Jogos!A:BN,66,0) -> 28.715
A14: 1 | B14: Group A | C14: Group | D14: 45822 | E14: 0.83333333 | F14: =VLOOKUP(A14,Jogos!A:N,10,0) -> Evening | G14: Hard Rock Stadium | H14: =VLOOKUP(A14,Jogos!A:L,12,0) -> Open | I14: =VLOOKUP(G14,'Estádios e Cidades'!A:B,2,0) -> Miami Gardens - Flórida | J14: Al Ahly FC | K14: =VLOOKUP(J14,Equipes!A:F,6,0) -> Tropical | L14: =VLOOKUP(J14,Equipes!A:C,3,0) -> 25 | M14: =if(L14<3,"Final",IF(L14<5,"Semi-final",if(L14<9,"Quarter-final",if(L14<17,"Round of 16","Group")))) -> Group | N14: Inter Miami CF | O14: =VLOOKUP(N14,Equipes!A:C,3,0) -> 16 | P14: =if(O14<3,"Final",IF(O14<5,"Semi-final",if(O14<9,"Quarter-final",if(O14<17,"Round of 16","Group")))) -> Round of 16 | Q14: =L14-O14 -> 9 | R14: =VLOOKUP(J14,Equipes!A:B,2,0) -> AlAhly | S14: 19-AlAhly | T14: 19 | U14: MOHAMED AFSHA | V14: =VLOOKUP(U14,Jogadores!B:C,2,0) -> MF | W14: =VLOOKUP(U14,Jogadores!B:D,3,0) -> 29.169863 | X14: 79 | Y14: =45+AB14 -> 98 | Z14: =VLOOKUP(A14,Jogos!A:L,3,0) -> 48 | AA14: =IF(X14<45,if(Y14>=45,Z14-X14,if(Y14<=Z14,Y14-X14,Z14)),0) -> 0 | AB14: =VLOOKUP(A14,Jogos!A:L,4,0) -> 53 | AC14: =IF(X14<45,if(Y14<=45,0,Y14-45),AB14+45-X14) -> 19 | AF14: =AE14+AC14+AA14 -> 19 | AG14: 1947.2 | AH14: 680.6 | AI14: 819.5 | AJ14: 276.4 | AK14: 117.5 | AL14: 53.2 | AM14: 26 | AN14: 9 | AO14: 34.7 | AP14: =AG14/$AF14 -> 102.48421 | AQ14: =AH14/$AF14 -> 35.821053 | AR14: =AI14/$AF14 -> 43.131579 | AS14: =AQ14+AR14 -> 78.952632 | AT14: =AJ14/$AF14 -> 14.547368 | AU14: =AK14/$AF14 -> 6.1842105 | AV14: =AL14/$AF14 -> 2.8 | AW14: =(AK14+AL14)/AF14 -> 8.9842105 | AX14: =AM14/$AF14 -> 1.3684211 | AY14: =AN14/$AF14 -> 0.47368421 | AZ14: =VLOOKUP(A14,Jogos!A:BN,58,0) -> 28.26 | BA14: =VLOOKUP(A14,Jogos!A:BN,59,0) -> 22.895 | BB14: =VLOOKUP(A14,Jogos!A:BN,60,0) -> 72 | BC14: =VLOOKUP(A14,Jogos!A:BN,61,0) -> 27.605 | BD14: =VLOOKUP(A14,Jogos!A:BN,62,0) -> 0.5 | BE14: =VLOOKUP(A14,Jogos!A:BN,63,0) -> 2.07 | BF14: =VLOOKUP(A14,Jogos!A:BN,64,0) -> 24.755 | BG14: =VLOOKUP(A14,Jogos!A:BN,65,0) -> 42.805 | BH14: =VLOOKUP(A14,Jogos!A:BN,66,0) -> 28.715
A15: 1 | B15: Group A | C15: Group | D15: 45822 | E15: 0.83333333 | F15: =VLOOKUP(A15,Jogos!A:N,10,0) -> Evening | G15: Hard Rock Stadium | H15: =VLOOKUP(A15,Jogos!A:L,12,0) -> Open | I15: =VLOOKUP(G15,'Estádios e Cidades'!A:B,2,0) -> Miami Gardens - Flórida | J15: Al Ahly FC | K15: =VLOOKUP(J15,Equipes!A:F,6,0) -> Tropical | L15: =VLOOKUP(J15,Equipes!A:C,3,0) -> 25 | M15: =if(L15<3,"Final",IF(L15<5,"Semi-final",if(L15<9,"Quarter-final",if(L15<17,"Round of 16","Group")))) -> Group | N15: Inter Miami CF | O15: =VLOOKUP(N15,Equipes!A:C,3,0) -> 16 | P15: =if(O15<3,"Final",IF(O15<5,"Semi-final",if(O15<9,"Quarter-final",if(O15<17,"Round of 16","Group")))) -> Round of 16 | Q15: =L15-O15 -> 9 | R15: =VLOOKUP(J15,Equipes!A:B,2,0) -> AlAhly | S15: 25-AlAhly | T15: 25 | U15: ZIZO | V15: =VLOOKUP(U15,Jogadores!B:C,2,0) -> MF | W15: =VLOOKUP(U15,Jogadores!B:D,3,0) -> 29.567123 | X15: 14 | Y15: 79 | Z15: =VLOOKUP(A15,Jogos!A:L,3,0) -> 48 | AA15: =IF(X15<45,if(Y15>=45,Z15-X15,if(Y15<=Z15,Y15-X15,Z15)),0) -> 34 | AB15: =VLOOKUP(A15,Jogos!A:L,4,0) -> 53 | AC15: =IF(X15<45,if(Y15<=45,0,Y15-45),AB15+45-X15) -> 34 | AF15: =AE15+AC15+AA15 -> 68 | AG15: 6962.4 | AH15: 2600.4 | AI15: 2987.4 | AJ15: 823.1 | AK15: 341.6 | AL15: 209.9 | AM15: 73 | AN15: 32 | AO15: 44.3 | AP15: =AG15/$AF15 -> 102.38824 | AQ15: =AH15/$AF15 -> 38.241176 | AR15: =AI15/$AF15 -> 43.932353 | AS15: =AQ15+AR15 -> 82.173529 | AT15: =AJ15/$AF15 -> 12.104412 | AU15: =AK15/$AF15 -> 5.0235294 | AV15: =AL15/$AF15 -> 3.0867647 | AW15: =(AK15+AL15)/AF15 -> 8.1102941 | AX15: =AM15/$AF15 -> 1.0735294 | AY15: =AN15/$AF15 -> 0.47058824 | AZ15: =VLOOKUP(A15,Jogos!A:BN,58,0) -> 28.26 | BA15: =VLOOKUP(A15,Jogos!A:BN,59,0) -> 22.895 | BB15: =VLOOKUP(A15,Jogos!A:BN,60,0) -> 72 | BC15: =VLOOKUP(A15,Jogos!A:BN,61,0) -> 27.605 | BD15: =VLOOKUP(A15,Jogos!A:BN,62,0) -> 0.5 | BE15: =VLOOKUP(A15,Jogos!A:BN,63,0) -> 2.07 | BF15: =VLOOKUP(A15,Jogos!A:BN,64,0) -> 24.755 | BG15: =VLOOKUP(A15,Jogos!A:BN,65,0) -> 42.805 | BH15: =VLOOKUP(A15,Jogos!A:BN,66,0) -> 28.715
A16: 1 | B16: Group A | C16: Group | D16: 45822 | E16: 0.83333333 | F16: =VLOOKUP(A16,Jogos!A:N,10,0) -> Evening | G16: Hard Rock Stadium | H16: =VLOOKUP(A16,Jogos!A:L,12,0) -> Open | I16: =VLOOKUP(G16,'Estádios e Cidades'!A:B,2,0) -> Miami Gardens - Flórida | J16: Al Ahly FC | K16: =VLOOKUP(J16,Equipes!A:F,6,0) -> Tropical | L16: =VLOOKUP(J16,Equipes!A:C,3,0) -> 25 | M16: =if(L16<3,"Final",IF(L16<5,"Semi-final",if(L16<9,"Quarter-final",if(L16<17,"Round of 16","Group")))) -> Group | N16: Inter Miami CF | O16: =VLOOKUP(N16,Equipes!A:C,3,0) -> 16 | P16: =if(O16<3,"Final",IF(O16<5,"Semi-final",if(O16<9,"Quarter-final",if(O16<17,"Round of 16","Group")))) -> Round of 16 | Q16: =L16-O16 -> 9 | R16: =VLOOKUP(J16,Equipes!A:B,2,0) -> AlAhly | S16: 29-AlAhly | T16: 29 | U16: TAHER MOHAMED | V16: =VLOOKUP(U16,Jogadores!B:C,2,0) -> MF | W16: =VLOOKUP(U16,Jogadores!B:D,3,0) -> 28.087671 | X16: 65 | Y16: =45+AB16 -> 98 | Z16: =VLOOKUP(A16,Jogos!A:L,3,0) -> 48 | AA16: =IF(X16<45,if(Y16>=45,Z16-X16,if(Y16<=Z16,Y16-X16,Z16)),0) -> 0 | AB16: =VLOOKUP(A16,Jogos!A:L,4,0) -> 53 | AC16: =IF(X16<45,if(Y16<=45,0,Y16-45),AB16+45-X16) -> 33 | AF16: =AE16+AC16+AA16 -> 33 | AG16: 3344 | AH16: 1389.6 | AI16: 1019.8 | AJ16: 426.6 | AK16: 318 | AL16: 190 | AM16: 40 | AN16: 28 | AO16: 35 | AP16: =AG16/$AF16 -> 101.33333 | AQ16: =AH16/$AF16 -> 42.109091 | AR16: =AI16/$AF16 -> 30.90303 | AS16: =AQ16+AR16 -> 73.012121 | AT16: =AJ16/$AF16 -> 12.927273 | AU16: =AK16/$AF16 -> 9.6363636 | AV16: =AL16/$AF16 -> 5.7575758 | AW16: =(AK16+AL16)/AF16 -> 15.393939 | AX16: =AM16/$AF16 -> 1.2121212 | AY16: =AN16/$AF16 -> 0.84848485 | AZ16: =VLOOKUP(A16,Jogos!A:BN,58,0) -> 28.26 | BA16: =VLOOKUP(A16,Jogos!A:BN,59,0) -> 22.895 | BB16: =VLOOKUP(A16,Jogos!A:BN,60,0) -> 72 | BC16: =VLOOKUP(A16,Jogos!A:BN,61,0) -> 27.605 | BD16: =VLOOKUP(A16,Jogos!A:BN,62,0) -> 0.5 | BE16: =VLOOKUP(A16,Jogos!A:BN,63,0) -> 2.07 | BF16: =VLOOKUP(A16,Jogos!A:BN,64,0) -> 24.755 | BG16: =VLOOKUP(A16,Jogos!A:BN,65,0) -> 42.805 | BH16: =VLOOKUP(A16,Jogos!A:BN,66,0) -> 28.715
A17: 1 | B17: Group A | C17: Group | D17: 45822 | E17: 0.83333333 | F17: =VLOOKUP(A17,Jogos!A:N,10,0) -> Evening | G17: Hard Rock Stadium | H17: =VLOOKUP(A17,Jogos!A:L,12,0) -> Open | I17: =VLOOKUP(G17,'Estádios e Cidades'!A:B,2,0) -> Miami Gardens - Flórida | J17: Inter Miami CF | K17: =VLOOKUP(J17,Equipes!A:F,6,0) -> Tropical | L17: =VLOOKUP(J17,Equipes!A:C,3,0) -> 16 | M17: =if(L17<3,"Final",IF(L17<5,"Semi-final",if(L17<9,"Quarter-final",if(L17<17,"Round of 16","Group")))) -> Round of 16 | N17: Al Ahly FC | O17: =VLOOKUP(N17,Equipes!A:C,3,0) -> 25 | P17: =if(O17<3,"Final",IF(O17<5,"Semi-final",if(O17<9,"Quarter-final",if(O17<17,"Round of 16","Group")))) -> Group | Q17: =L17-O17 -> -9 | R17: =VLOOKUP(J17,Equipes!A:B,2,0) -> InterMiami | S17: 5-InterMiami | T17: 5 | U17: Sergio BUSQUETS | V17: =VLOOKUP(U17,Jogadores!B:C,2,0) -> MF | W17: =VLOOKUP(U17,Jogadores!B:D,3,0) -> 37.057534 | X17: 0 | Y17: =45+AB17 -> 98 | Z17: =VLOOKUP(A17,Jogos!A:L,3,0) -> 48 | AA17: =IF(X17<45,if(Y17>=45,Z17-X17,if(Y17<=Z17,Y17-X17,Z17)),0) -> 48 | AB17: =VLOOKUP(A17,Jogos!A:L,4,0) -> 53 | AC17: =IF(X17<45,if(Y17<=45,0,Y17-45),AB17+45-X17) -> 53 | AF17: =AE17+AC17+AA17 -> 101 | AG17: 10337.7 | AH17: 4136.7 | AI17: 4584.2 | AJ17: 1180.1 | AK17: 323 | AL17: 113.8 | AM17: 118 | AN17: 26 | AO17: 35.5 | AP17: =AG17/$AF17 -> 102.35347 | AQ17: =AH17/$AF17 -> 40.957426 | AR17: =AI17/$AF17 -> 45.388119 | AS17: =AQ17+AR17 -> 86.345545 | AT17: =AJ17/$AF17 -> 11.684158 | AU17: =AK17/$AF17 -> 3.1980198 | AV17: =AL17/$AF17 -> 1.1267327 | AW17: =(AK17+AL17)/AF17 -> 4.3247525 | AX17: =AM17/$AF17 -> 1.1683168 | AY17: =AN17/$AF17 -> 0.25742574 | AZ17: =VLOOKUP(A17,Jogos!A:BN,58,0) -> 28.26 | BA17: =VLOOKUP(A17,Jogos!A:BN,59,0) -> 22.895 | BB17: =VLOOKUP(A17,Jogos!A:BN,60,0) -> 72 | BC17: =VLOOKUP(A17,Jogos!A:BN,61,0) -> 27.605 | BD17: =VLOOKUP(A17,Jogos!A:BN,62,0) -> 0.5 | BE17: =VLOOKUP(A17,Jogos!A:BN,63,0) -> 2.07 | BF17: =VLOOKUP(A17,Jogos!A:BN,64,0) -> 24.755 | BG17: =VLOOKUP(A17,Jogos!A:BN,65,0) -> 42.805 | BH17: =VLOOKUP(A17,Jogos!A:BN,66,0) -> 28.715
A18: 1 | B18: Group A | C18: Group | D18: 45822 | E18: 0.83333333 | F18: =VLOOKUP(A18,Jogos!A:N,10,0) -> Evening | G18: Hard Rock Stadium | H18: =VLOOKUP(A18,Jogos!A:L,12,0) -> Open | I18: =VLOOKUP(G18,'Estádios e Cidades'!A:B,2,0) -> Miami Gardens - Flórida | J18: Inter Miami CF | K18: =VLOOKUP(J18,Equipes!A:F,6,0) -> Tropical | L18: =VLOOKUP(J18,Equipes!A:C,3,0) -> 16 | M18: =if(L18<3,"Final",IF(L18<5,"Semi-final",if(L18<9,"Quarter-final",if(L18<17,"Round of 16","Group")))) -> Round of 16 | N18: Al Ahly FC | O18: =VLOOKUP(N18,Equipes!A:C,3,0) -> 25 | P18: =if(O18<3,"Final",IF(O18<5,"Semi-final",if(O18<9,"Quarter-final",if(O18<17,"Round of 16","Group")))) -> Group | Q18: =L18-O18 -> -9 | R18: =VLOOKUP(J18,Equipes!A:B,2,0) -> InterMiami | S18: 6-InterMiami | T18: 6 | U18: Tomas AVILES | V18: =VLOOKUP(U18,Jogadores!B:C,2,0) -> DF | W18: =VLOOKUP(U18,Jogadores!B:D,3,0) -> 21.49589 | X18: 0 | Y18: 45 | Z18: =VLOOKUP(A18,Jogos!A:L,3,0) -> 48 | AA18: =IF(X18<45,if(Y18>=45,Z18-X18,if(Y18<=Z18,Y18-X18,Z18)),0) -> 48 | AB18: =VLOOKUP(A18,Jogos!A:L,4,0) -> 53 | AC18: =IF(X18<45,if(Y18<=45,0,Y18-45),AB18+45-X18) -> 0 | AF18: =AE18+AC18+AA18 -> 48 | AG18: 4755.7 | AH18: 2093.4 | AI18: 1818.4 | AJ18: 443.1 | AK18: 210.6 | AL18: 190.2 | AM18: 38 | AN18: 20 | AO18: 35.3 | AP18: =AG18/$AF18 -> 99.077083 | AQ18: =AH18/$AF18 -> 43.6125 | AR18: =AI18/$AF18 -> 37.883333 | AS18: =AQ18+AR18 -> 81.495833 | AT18: =AJ18/$AF18 -> 9.23125 | AU18: =AK18/$AF18 -> 4.3875 | AV18: =AL18/$AF18 -> 3.9625 | AW18: =(AK18+AL18)/AF18 -> 8.35 | AX18: =AM18/$AF18 -> 0.79166667 | AY18: =AN18/$AF18 -> 0.41666667 | AZ18: =VLOOKUP(A18,Jogos!A:BN,58,0) -> 28.26 | BA18: =VLOOKUP(A18,Jogos!A:BN,59,0) -> 22.895 | BB18: =VLOOKUP(A18,Jogos!A:BN,60,0) -> 72 | BC18: =VLOOKUP(A18,Jogos!A:BN,61,0) -> 27.605 | BD18: =VLOOKUP(A18,Jogos!A:BN,62,0) -> 0.5 | BE18: =VLOOKUP(A18,Jogos!A:BN,63,0) -> 2.07 | BF18: =VLOOKUP(A18,Jogos!A:BN,64,0) -> 24.755 | BG18: =VLOOKUP(A18,Jogos!A:BN,65,0) -> 42.805 | BH18: =VLOOKUP(A18,Jogos!A:BN,66,0) -> 28.715
A19: 1 | B19: Group A | C19: Group | D19: 45822 | E19: 0.83333333 | F19: =VLOOKUP(A19,Jogos!A:N,10,0) -> Evening | G19: Hard Rock Stadium | H19: =VLOOKUP(A19,Jogos!A:L,12,0) -> Open | I19: =VLOOKUP(G19,'Estádios e Cidades'!A:B,2,0) -> Miami Gardens - Flórida | J19: Inter Miami CF | K19: =VLOOKUP(J19,Equipes!A:F,6,0) -> Tropical | L19: =VLOOKUP(J19,Equipes!A:C,3,0) -> 16 | M19: =if(L19<3,"Final",IF(L19<5,"Semi-final",if(L19<9,"Quarter-final",if(L19<17,"Round of 16","Group")))) -> Round of 16 | N19: Al Ahly FC | O19: =VLOOKUP(N19,Equipes!A:C,3,0) -> 25 | P19: =if(O19<3,"Final",IF(O19<5,"Semi-final",if(O19<9,"Quarter-final",if(O19<17,"Round of 16","Group")))) -> Group | Q19: =L19-O19 -> -9 | R19: =VLOOKUP(J19,Equipes!A:B,2,0) -> InterMiami | S19: 8-InterMiami | T19: 8 | U19: Telasco SEGOVIA | V19: =VLOOKUP(U19,Jogadores!B:C,2,0) -> MF | W19: =VLOOKUP(U19,Jogadores!B:D,3,0) -> 22.336986 | X19: 0 | Y19: 73 | Z19: =VLOOKUP(A19,Jogos!A:L,3,0) -> 48 | AA19: =IF(X19<45,if(Y19>=45,Z19-X19,if(Y19<=Z19,Y19-X19,Z19)),0) -> 48 | AB19: =VLOOKUP(A19,Jogos!A:L,4,0) -> 53 | AC19: =IF(X19<45,if(Y19<=45,0,Y19-45),AB19+45-X19) -> 28 | AF19: =AE19+AC19+AA19 -> 76 | AG19: 8479.5 | AH19: 3200.6 | AI19: 3218.6 | AJ19: 1352.1 | AK19: 559 | AL19: 149.2 | AM19: 120 | AN19: 45 | AO19: 38.9 | AP19: =AG19/$AF19 -> 111.57237 | AQ19: =AH19/$AF19 -> 42.113158 | AR19: =AI19/$AF19 -> 42.35 | AS19: =AQ19+AR19 -> 84.463158 | AT19: =AJ19/$AF19 -> 17.790789 | AU19: =AK19/$AF19 -> 7.3552632 | AV19: =AL19/$AF19 -> 1.9631579 | AW19: =(AK19+AL19)/AF19 -> 9.3184211 | AX19: =AM19/$AF19 -> 1.5789474 | AY19: =AN19/$AF19 -> 0.59210526 | AZ19: =VLOOKUP(A19,Jogos!A:BN,58,0) -> 28.26 | BA19: =VLOOKUP(A19,Jogos!A:BN,59,0) -> 22.895 | BB19: =VLOOKUP(A19,Jogos!A:BN,60,0) -> 72 | BC19: =VLOOKUP(A19,Jogos!A:BN,61,0) -> 27.605 | BD19: =VLOOKUP(A19,Jogos!A:BN,62,0) -> 0.5 | BE19: =VLOOKUP(A19,Jogos!A:BN,63,0) -> 2.07 | BF19: =VLOOKUP(A19,Jogos!A:BN,64,0) -> 24.755 | BG19: =VLOOKUP(A19,Jogos!A:BN,65,0) -> 42.805 | BH19: =VLOOKUP(A19,Jogos!A:BN,66,0) -> 28.715
A20: 1 | B20: Group A | C20: Group | D20: 45822 | E20: 0.83333333 | F20: =VLOOKUP(A20,Jogos!A:N,10,0) -> Evening | G20: Hard Rock Stadium | H20: =VLOOKUP(A20,Jogos!A:L,12,0) -> Open | I20: =VLOOKUP(G20,'Estádios e Cidades'!A:B,2,0) -> Miami Gardens - Flórida | J20: Inter Miami CF | K20: =VLOOKUP(J20,Equipes!A:F,6,0) -> Tropical | L20: =VLOOKUP(J20,Equipes!A:C,3,0) -> 16 | M20: =if(L20<3,"Final",IF(L20<5,"Semi-final",if(L20<9,"Quarter-final",if(L20<17,"Round of 16","Group")))) -> Round of 16 | N20: Al Ahly FC | O20: =VLOOKUP(N20,Equipes!A:C,3,0) -> 25 | P20: =if(O20<3,"Final",IF(O20<5,"Semi-final",if(O20<9,"Quarter-final",if(O20<17,"Round of 16","Group")))) -> Group | Q20: =L20-O20 -> -9 | R20: =VLOOKUP(J20,Equipes!A:B,2,0) -> InterMiami | S20: 9-InterMiami | T20: 9 | U20: Luis SUAREZ | V20: =VLOOKUP(U20,Jogadores!B:C,2,0) -> FW | W20: =VLOOKUP(U20,Jogadores!B:D,3,0) -> 38.534247 | X20: 0 | Y20: =45+AB20 -> 98 | Z20: =VLOOKUP(A20,Jogos!A:L,3,0) -> 48 | AA20: =IF(X20<45,if(Y20>=45,Z20-X20,if(Y20<=Z20,Y20-X20,Z20)),0) -> 48 | AB20: =VLOOKUP(A20,Jogos!A:L,4,0) -> 53 | AC20: =IF(X20<45,if(Y20<=45,0,Y20-45),AB20+45-X20) -> 53 | AF20: =AE20+AC20+AA20 -> 101 | AG20: 9859.9 | AH20: 3876.1 | AI20: 4058.4 | AJ20: 1326 | AK20: 470 | AL20: 129.5 | AM20: 113 | AN20: 40 | AO20: 30.4 | AP20: =AG20/$AF20 -> 97.622772 | AQ20: =AH20/$AF20 -> 38.377228 | AR20: =AI20/$AF20 -> 40.182178 | AS20: =AQ20+AR20 -> 78.559406 | AT20: =AJ20/$AF20 -> 13.128713 | AU20: =AK20/$AF20 -> 4.6534653 | AV20: =AL20/$AF20 -> 1.2821782 | AW20: =(AK20+AL20)/AF20 -> 5.9356436 | AX20: =AM20/$AF20 -> 1.1188119 | AY20: =AN20/$AF20 -> 0.3960396 | AZ20: =VLOOKUP(A20,Jogos!A:BN,58,0) -> 28.26 | BA20: =VLOOKUP(A20,Jogos!A:BN,59,0) -> 22.895 | BB20: =VLOOKUP(A20,Jogos!A:BN,60,0) -> 72 | BC20: =VLOOKUP(A20,Jogos!A:BN,61,0) -> 27.605 | BD20: =VLOOKUP(A20,Jogos!A:BN,62,0) -> 0.5 | BE20: =VLOOKUP(A20,Jogos!A:BN,63,0) -> 2.07 | BF20: =VLOOKUP(A20,Jogos!A:BN,64,0) -> 24.755 | BG20: =VLOOKUP(A20,Jogos!A:BN,65,0) -> 42.805 | BH20: =VLOOKUP(A20,Jogos!A:BN,66,0) -> 28.715
A21: 1 | B21: Group A | C21: Group | D21: 45822 | E21: 0.83333333 | F21: =VLOOKUP(A21,Jogos!A:N,10,0) -> Evening | G21: Hard Rock Stadium | H21: =VLOOKUP(A21,Jogos!A:L,12,0) -> Open | I21: =VLOOKUP(G21,'Estádios e Cidades'!A:B,2,0) -> Miami Gardens - Flórida | J21: Inter Miami CF | K21: =VLOOKUP(J21,Equipes!A:F,6,0) -> Tropical | L21: =VLOOKUP(J21,Equipes!A:C,3,0) -> 16 | M21: =if(L21<3,"Final",IF(L21<5,"Semi-final",if(L21<9,"Quarter-final",if(L21<17,"Round of 16","Group")))) -> Round of 16 | N21: Al Ahly FC | O21: =VLOOKUP(N21,Equipes!A:C,3,0) -> 25 | P21: =if(O21<3,"Final",IF(O21<5,"Semi-final",if(O21<9,"Quarter-final",if(O21<17,"Round of 16","Group")))) -> Group | Q21: =L21-O21 -> -9 | R21: =VLOOKUP(J21,Equipes!A:B,2,0) -> InterMiami | S21: 10-InterMiami | T21: 10 | U21: Lionel MESSI | V21: =VLOOKUP(U21,Jogadores!B:C,2,0) -> FW | W21: =VLOOKUP(U21,Jogadores!B:D,3,0) -> 38.120548 | X21: 0 | Y21: =45+AB21 -> 98 | Z21: =VLOOKUP(A21,Jogos!A:L,3,0) -> 48 | AA21: =IF(X21<45,if(Y21>=45,Z21-X21,if(Y21<=Z21,Y21-X21,Z21)),0) -> 48 | AB21: =VLOOKUP(A21,Jogos!A:L,4,0) -> 53 | AC21: =IF(X21<45,if(Y21<=45,0,Y21-45),AB21+45-X21) -> 53 | AF21: =AE21+AC21+AA21 -> 101 | AG21: 7429.2 | AH21: 4891.8 | AI21: 1430.8 | AJ21: 727.4 | AK21: 280.5 | AL21: 98.7 | AM21: 66 | AN21: 27 | AO21: 35.4 | AP21: =AG21/$AF21 -> 73.556436 | AQ21: =AH21/$AF21 -> 48.433663 | AR21: =AI21/$AF21 -> 14.166337 | AS21: =AQ21+AR21 -> 62.6 | AT21: =AJ21/$AF21 -> 7.2019802 | AU21: =AK21/$AF21 -> 2.7772277 | AV21: =AL21/$AF21 -> 0.97722772 | AW21: =(AK21+AL21)/AF21 -> 3.7544554 | AX21: =AM21/$AF21 -> 0.65346535 | AY21: =AN21/$AF21 -> 0.26732673 | AZ21: =VLOOKUP(A21,Jogos!A:BN,58,0) -> 28.26 | BA21: =VLOOKUP(A21,Jogos!A:BN,59,0) -> 22.895 | BB21: =VLOOKUP(A21,Jogos!A:BN,60,0) -> 72 | BC21: =VLOOKUP(A21,Jogos!A:BN,61,0) -> 27.605 | BD21: =VLOOKUP(A21,Jogos!A:BN,62,0) -> 0.5 | BE21: =VLOOKUP(A21,Jogos!A:BN,63,0) -> 2.07 | BF21: =VLOOKUP(A21,Jogos!A:BN,64,0) -> 24.755 | BG21: =VLOOKUP(A21,Jogos!A:BN,65,0) -> 42.805 | BH21: =VLOOKUP(A21,Jogos!A:BN,66,0) -> 28.715
A22: 1 | B22: Group A | C22: Group | D22: 45822 | E22: 0.83333333 | F22: =VLOOKUP(A22,Jogos!A:N,10,0) -> Evening | G22: Hard Rock Stadium | H22: =VLOOKUP(A22,Jogos!A:L,12,0) -> Open | I22: =VLOOKUP(G22,'Estádios e Cidades'!A:B,2,0) -> Miami Gardens - Flórida | J22: Inter Miami CF | K22: =VLOOKUP(J22,Equipes!A:F,6,0) -> Tropical | L22: =VLOOKUP(J22,Equipes!A:C,3,0) -> 16 | M22: =if(L22<3,"Final",IF(L22<5,"Semi-final",if(L22<9,"Quarter-final",if(L22<17,"Round of 16","Group")))) -> Round of 16 | N22: Al Ahly FC | O22: =VLOOKUP(N22,Equipes!A:C,3,0) -> 25 | P22: =if(O22<3,"Final",IF(O22<5,"Semi-final",if(O22<9,"Quarter-final",if(O22<17,"Round of 16","Group")))) -> Group | Q22: =L22-O22 -> -9 | R22: =VLOOKUP(J22,Equipes!A:B,2,0) -> InterMiami | S22: 17-InterMiami | T22: 17 | U22: Ian FRAY | V22: =VLOOKUP(U22,Jogadores!B:C,2,0) -> DF | W22: =VLOOKUP(U22,Jogadores!B:D,3,0) -> 22.923288 | X22: 0 | Y22: =45+AB22 -> 98 | Z22: =VLOOKUP(A22,Jogos!A:L,3,0) -> 48 | AA22: =IF(X22<45,if(Y22>=45,Z22-X22,if(Y22<=Z22,Y22-X22,Z22)),0) -> 48 | AB22: =VLOOKUP(A22,Jogos!A:L,4,0) -> 53 | AC22: =IF(X22<45,if(Y22<=45,0,Y22-45),AB22+45-X22) -> 53 | AF22: =AE22+AC22+AA22 -> 101 | AG22: 10352 | AH22: 4083.5 | AI22: 4359.6 | AJ22: 1123.4 | AK22: 439.5 | AL22: 346 | AM22: 86 | AN22: 44 | AO22: 35.5 | AP22: =AG22/$AF22 -> 102.49505 | AQ22: =AH22/$AF22 -> 40.430693 | AR22: =AI22/$AF22 -> 43.164356 | AS22: =AQ22+AR22 -> 83.59505 | AT22: =AJ22/$AF22 -> 11.122772 | AU22: =AK22/$AF22 -> 4.3514851 | AV22: =AL22/$AF22 -> 3.4257426 | AW22: =(AK22+AL22)/AF22 -> 7.7772277 | AX22: =AM22/$AF22 -> 0.85148515 | AY22: =AN22/$AF22 -> 0.43564356 | AZ22: =VLOOKUP(A22,Jogos!A:BN,58,0) -> 28.26 | BA22: =VLOOKUP(A22,Jogos!A:BN,59,0) -> 22.895 | BB22: =VLOOKUP(A22,Jogos!A:BN,60,0) -> 72 | BC22: =VLOOKUP(A22,Jogos!A:BN,61,0) -> 27.605 | BD22: =VLOOKUP(A22,Jogos!A:BN,62,0) -> 0.5 | BE22: =VLOOKUP(A22,Jogos!A:BN,63,0) -> 2.07 | BF22: =VLOOKUP(A22,Jogos!A:BN,64,0) -> 24.755 | BG22: =VLOOKUP(A22,Jogos!A:BN,65,0) -> 42.805 | BH22: =VLOOKUP(A22,Jogos!A:BN,66,0) -> 28.715
A23: 1 | B23: Group A | C23: Group | D23: 45822 | E23: 0.83333333 | F23: =VLOOKUP(A23,Jogos!A:N,10,0) -> Evening | G23: Hard Rock Stadium | H23: =VLOOKUP(A23,Jogos!A:L,12,0) -> Open | I23: =VLOOKUP(G23,'Estádios e Cidades'!A:B,2,0) -> Miami Gardens - Flórida | J23: Inter Miami CF | K23: =VLOOKUP(J23,Equipes!A:F,6,0) -> Tropical | L23: =VLOOKUP(J23,Equipes!A:C,3,0) -> 16 | M23: =if(L23<3,"Final",IF(L23<5,"Semi-final",if(L23<9,"Quarter-final",if(L23<17,"Round of 16","Group")))) -> Round of 16 | N23: Al Ahly FC | O23: =VLOOKUP(N23,Equipes!A:C,3,0) -> 25 | P23: =if(O23<3,"Final",IF(O23<5,"Semi-final",if(O23<9,"Quarter-final",if(O23<17,"Round of 16","Group")))) -> Group | Q23: =L23-O23 -> -9 | R23: =VLOOKUP(J23,Equipes!A:B,2,0) -> InterMiami | S23: 21-InterMiami | T23: 21 | U23: Tadeo ALLENDE | V23: =VLOOKUP(U23,Jogadores!B:C,2,0) -> FW | W23: =VLOOKUP(U23,Jogadores!B:D,3,0) -> 26.452055 | X23: 0 | Y23: 81 | Z23: =VLOOKUP(A23,Jogos!A:L,3,0) -> 48 | AA23: =IF(X23<45,if(Y23>=45,Z23-X23,if(Y23<=Z23,Y23-X23,Z23)),0) -> 48 | AB23: =VLOOKUP(A23,Jogos!A:L,4,0) -> 53 | AC23: =IF(X23<45,if(Y23<=45,0,Y23-45),AB23+45-X23) -> 36 | AF23: =AE23+AC23+AA23 -> 84 | AG23: 8564 | AH23: 3417.3 | AI23: 3392.4 | AJ23: 1044.2 | AK23: 498.9 | AL23: 211.2 | AM23: 100 | AN23: 42 | AO23: 41.7 | AP23: =AG23/$AF23 -> 101.95238 | AQ23: =AH23/$AF23 -> 40.682143 | AR23: =AI23/$AF23 -> 40.385714 | AS23: =AQ23+AR23 -> 81.067857 | AT23: =AJ23/$AF23 -> 12.430952 | AU23: =AK23/$AF23 -> 5.9392857 | AV23: =AL23/$AF23 -> 2.5142857 | AW23: =(AK23+AL23)/AF23 -> 8.4535714 | AX23: =AM23/$AF23 -> 1.1904762 | AY23: =AN23/$AF23 -> 0.5 | AZ23: =VLOOKUP(A23,Jogos!A:BN,58,0) -> 28.26 | BA23: =VLOOKUP(A23,Jogos!A:BN,59,0) -> 22.895 | BB23: =VLOOKUP(A23,Jogos!A:BN,60,0) -> 72 | BC23: =VLOOKUP(A23,Jogos!A:BN,61,0) -> 27.605 | BD23: =VLOOKUP(A23,Jogos!A:BN,62,0) -> 0.5 | BE23: =VLOOKUP(A23,Jogos!A:BN,63,0) -> 2.07 | BF23: =VLOOKUP(A23,Jogos!A:BN,64,0) -> 24.755 | BG23: =VLOOKUP(A23,Jogos!A:BN,65,0) -> 42.805 | BH23: =VLOOKUP(A23,Jogos!A:BN,66,0) -> 28.715
A24: 1 | B24: Group A | C24: Group | D24: 45822 | E24: 0.83333333 | F24: =VLOOKUP(A24,Jogos!A:N,10,0) -> Evening | G24: Hard Rock Stadium | H24: =VLOOKUP(A24,Jogos!A:L,12,0) -> Open | I24: =VLOOKUP(G24,'Estádios e Cidades'!A:B,2,0) -> Miami Gardens - Flórida | J24: Inter Miami CF | K24: =VLOOKUP(J24,Equipes!A:F,6,0) -> Tropical | L24: =VLOOKUP(J24,Equipes!A:C,3,0) -> 16 | M24: =if(L24<3,"Final",IF(L24<5,"Semi-final",if(L24<9,"Quarter-final",if(L24<17,"Round of 16","Group")))) -> Round of 16 | N24: Al Ahly FC | O24: =VLOOKUP(N24,Equipes!A:C,3,0) -> 25 | P24: =if(O24<3,"Final",IF(O24<5,"Semi-final",if(O24<9,"Quarter-final",if(O24<17,"Round of 16","Group")))) -> Group | Q24: =L24-O24 -> -9 | R24: =VLOOKUP(J24,Equipes!A:B,2,0) -> InterMiami | S24: 32-InterMiami | T24: 32 | U24: Noah ALLEN | V24: =VLOOKUP(U24,Jogadores!B:C,2,0) -> DF | W24: =VLOOKUP(U24,Jogadores!B:D,3,0) -> 21.263014 | X24: 0 | Y24: =45+AB24 -> 98 | Z24: =VLOOKUP(A24,Jogos!A:L,3,0) -> 48 | AA24: =IF(X24<45,if(Y24>=45,Z24-X24,if(Y24<=Z24,Y24-X24,Z24)),0) -> 48 | AB24: =VLOOKUP(A24,Jogos!A:L,4,0) -> 53 | AC24: =IF(X24<45,if(Y24<=45,0,Y24-45),AB24+45-X24) -> 53 | AF24: =AE24+AC24+AA24 -> 101 | AG24: 10636.8 | AH24: 3894.3 | AI24: 4409.8 | AJ24: 1268.3 | AK24: 651.4 | AL24: 413 | AM24: 109 | AN24: 58 | AO24: 41.1 | AP24: =AG24/$AF24 -> 105.31485 | AQ24: =AH24/$AF24 -> 38.557426 | AR24: =AI24/$AF24 -> 43.661386 | AS24: =AQ24+AR24 -> 82.218812 | AT24: =AJ24/$AF24 -> 12.557426 | AU24: =AK24/$AF24 -> 6.4495049 | AV24: =AL24/$AF24 -> 4.0891089 | AW24: =(AK24+AL24)/AF24 -> 10.538614 | AX24: =AM24/$AF24 -> 1.0792079 | AY24: =AN24/$AF24 -> 0.57425743 | AZ24: =VLOOKUP(A24,Jogos!A:BN,58,0) -> 28.26 | BA24: =VLOOKUP(A24,Jogos!A:BN,59,0) -> 22.895 | BB24: =VLOOKUP(A24,Jogos!A:BN,60,0) -> 72 | BC24: =VLOOKUP(A24,Jogos!A:BN,61,0) -> 27.605 | BD24: =VLOOKUP(A24,Jogos!A:BN,62,0) -> 0.5 | BE24: =VLOOKUP(A24,Jogos!A:BN,63,0) -> 2.07 | BF24: =VLOOKUP(A24,Jogos!A:BN,64,0) -> 24.755 | BG24: =VLOOKUP(A24,Jogos!A:BN,65,0) -> 42.805 | BH24: =VLOOKUP(A24,Jogos!A:BN,66,0) -> 28.715
A25: 1 | B25: Group A | C25: Group | D25: 45822 | E25: 0.83333333 | F25: =VLOOKUP(A25,Jogos!A:N,10,0) -> Evening | G25: Hard Rock Stadium | H25: =VLOOKUP(A25,Jogos!A:L,12,0) -> Open | I25: =VLOOKUP(G25,'Estádios e Cidades'!A:B,2,0) -> Miami Gardens - Flórida | J25: Inter Miami CF | K25: =VLOOKUP(J25,Equipes!A:F,6,0) -> Tropical | L25: =VLOOKUP(J25,Equipes!A:C,3,0) -> 16 | M25: =if(L25<3,"Final",IF(L25<5,"Semi-final",if(L25<9,"Quarter-final",if(L25<17,"Round of 16","Group")))) -> Round of 16 | N25: Al Ahly FC | O25: =VLOOKUP(N25,Equipes!A:C,3,0) -> 25 | P25: =if(O25<3,"Final",IF(O25<5,"Semi-final",if(O25<9,"Quarter-final",if(O25<17,"Round of 16","Group")))) -> Group | Q25: =L25-O25 -> -9 | R25: =VLOOKUP(J25,Equipes!A:B,2,0) -> InterMiami | S25: 37-InterMiami | T25: 37 | U25: Maximiliano FALCON | V25: =VLOOKUP(U25,Jogadores!B:C,2,0) -> DF | W25: =VLOOKUP(U25,Jogadores!B:D,3,0) -> 28.260274 | X25: 0 | Y25: =45+AB25 -> 98 | Z25: =VLOOKUP(A25,Jogos!A:L,3,0) -> 48 | AA25: =IF(X25<45,if(Y25>=45,Z25-X25,if(Y25<=Z25,Y25-X25,Z25)),0) -> 48 | AB25: =VLOOKUP(A25,Jogos!A:L,4,0) -> 53 | AC25: =IF(X25<45,if(Y25<=45,0,Y25-45),AB25+45-X25) -> 53 | AF25: =AE25+AC25+AA25 -> 101 | AG25: 9395.7 | AH25: 4247.6 | AI25: 3669.7 | AJ25: 794.8 | AK25: 445.9 | AL25: 237.7 | AM25: 67 | AN25: 42 | AO25: 41.9 | AP25: =AG25/$AF25 -> 93.026733 | AQ25: =AH25/$AF25 -> 42.055446 | AR25: =AI25/$AF25 -> 36.333663 | AS25: =AQ25+AR25 -> 78.389109 | AT25: =AJ25/$AF25 -> 7.8693069 | AU25: =AK25/$AF25 -> 4.4148515 | AV25: =AL25/$AF25 -> 2.3534653 | AW25: =(AK25+AL25)/AF25 -> 6.7683168 | AX25: =AM25/$AF25 -> 0.66336634 | AY25: =AN25/$AF25 -> 0.41584158 | AZ25: =VLOOKUP(A25,Jogos!A:BN,58,0) -> 28.26 | BA25: =VLOOKUP(A25,Jogos!A:BN,59,0) -> 22.895 | BB25: =VLOOKUP(A25,Jogos!A:BN,60,0) -> 72 | BC25: =VLOOKUP(A25,Jogos!A:BN,61,0) -> 27.605 | BD25: =VLOOKUP(A25,Jogos!A:BN,62,0) -> 0.5 | BE25: =VLOOKUP(A25,Jogos!A:BN,63,0) -> 2.07 | BF25: =VLOOKUP(A25,Jogos!A:BN,64,0) -> 24.755 | BG25: =VLOOKUP(A25,Jogos!A:BN,65,0) -> 42.805 | BH25: =VLOOKUP(A25,Jogos!A:BN,66,0) -> 28.715
A26: 1 | B26: Group A | C26: Group | D26: 45822 | E26: 0.83333333 | F26: =VLOOKUP(A26,Jogos!A:N,10,0) -> Evening | G26: Hard Rock Stadium | H26: =VLOOKUP(A26,Jogos!A:L,12,0) -> Open | I26: =VLOOKUP(G26,'Estádios e Cidades'!A:B,2,0) -> Miami Gardens - Flórida | J26: Inter Miami CF | K26: =VLOOKUP(J26,Equipes!A:F,6,0) -> Tropical | L26: =VLOOKUP(J26,Equipes!A:C,3,0) -> 16 | M26: =if(L26<3,"Final",IF(L26<5,"Semi-final",if(L26<9,"Quarter-final",if(L26<17,"Round of 16","Group")))) -> Round of 16 | N26: Al Ahly FC | O26: =VLOOKUP(N26,Equipes!A:C,3,0) -> 25 | P26: =if(O26<3,"Final",IF(O26<5,"Semi-final",if(O26<9,"Quarter-final",if(O26<17,"Round of 16","Group")))) -> Group | Q26: =L26-O26 -> -9 | R26: =VLOOKUP(J26,Equipes!A:B,2,0) -> InterMiami | S26: 55-InterMiami | T26: 55 | U26: Federico REDONDO | V26: =VLOOKUP(U26,Jogadores!B:C,2,0) -> MF | W26: =VLOOKUP(U26,Jogadores!B:D,3,0) -> 22.539726 | X26: 0 | Y26: =45+AB26 -> 98 | Z26: =VLOOKUP(A26,Jogos!A:L,3,0) -> 48 | AA26: =IF(X26<45,if(Y26>=45,Z26-X26,if(Y26<=Z26,Y26-X26,Z26)),0) -> 48 | AB26: =VLOOKUP(A26,Jogos!A:L,4,0) -> 53 | AC26: =IF(X26<45,if(Y26<=45,0,Y26-45),AB26+45-X26) -> 53 | AF26: =AE26+AC26+AA26 -> 101 | AG26: 9881.1 | AH26: 4120.3 | AI26: 4159.6 | AJ26: 1016.5 | AK26: 447.9 | AL26: 136.9 | AM26: 88 | AN26: 34 | AO26: 35 | AP26: =AG26/$AF26 -> 97.832673 | AQ26: =AH26/$AF26 -> 40.795049 | AR26: =AI26/$AF26 -> 41.184158 | AS26: =AQ26+AR26 -> 81.979208 | AT26: =AJ26/$AF26 -> 10.064356 | AU26: =AK26/$AF26 -> 4.4346535 | AV26: =AL26/$AF26 -> 1.3554455 | AW26: =(AK26+AL26)/AF26 -> 5.790099 | AX26: =AM26/$AF26 -> 0.87128713 | AY26: =AN26/$AF26 -> 0.33663366 | AZ26: =VLOOKUP(A26,Jogos!A:BN,58,0) -> 28.26 | BA26: =VLOOKUP(A26,Jogos!A:BN,59,0) -> 22.895 | BB26: =VLOOKUP(A26,Jogos!A:BN,60,0) -> 72 | BC26: =VLOOKUP(A26,Jogos!A:BN,61,0) -> 27.605 | BD26: =VLOOKUP(A26,Jogos!A:BN,62,0) -> 0.5 | BE26: =VLOOKUP(A26,Jogos!A:BN,63,0) -> 2.07 | BF26: =VLOOKUP(A26,Jogos!A:BN,64,0) -> 24.755 | BG26: =VLOOKUP(A26,Jogos!A:BN,65,0) -> 42.805 | BH26: =VLOOKUP(A26,Jogos!A:BN,66,0) -> 28.715
A27: 1 | B27: Group A | C27: Group | D27: 45822 | E27: 0.83333333 | F27: =VLOOKUP(A27,Jogos!A:N,10,0) -> Evening | G27: Hard Rock Stadium | H27: =VLOOKUP(A27,Jogos!A:L,12,0) -> Open | I27: =VLOOKUP(G27,'Estádios e Cidades'!A:B,2,0) -> Miami Gardens - Flórida | J27: Inter Miami CF | K27: =VLOOKUP(J27,Equipes!A:F,6,0) -> Tropical | L27: =VLOOKUP(J27,Equipes!A:C,3,0) -> 16 | M27: =if(L27<3,"Final",IF(L27<5,"Semi-final",if(L27<9,"Quarter-final",if(L27<17,"Round of 16","Group")))) -> Round of 16 | N27: Al Ahly FC | O27: =VLOOKUP(N27,Equipes!A:C,3,0) -> 25 | P27: =if(O27<3,"Final",IF(O27<5,"Semi-final",if(O27<9,"Quarter-final",if(O27<17,"Round of 16","Group")))) -> Group | Q27: =L27-O27 -> -9 | R27: =VLOOKUP(J27,Equipes!A:B,2,0) -> InterMiami | S27: 7-InterMiami | T27: 7 | U27: Fafa PICAULT | V27: =VLOOKUP(U27,Jogadores!B:C,2,0) -> FW | W27: =VLOOKUP(U27,Jogadores!B:D,3,0) -> 34.449315 | X27: 81 | Y27: =45+AB27 -> 98 | Z27: =VLOOKUP(A27,Jogos!A:L,3,0) -> 48 | AA27: =IF(X27<45,if(Y27>=45,Z27-X27,if(Y27<=Z27,Y27-X27,Z27)),0) -> 0 | AB27: =VLOOKUP(A27,Jogos!A:L,4,0) -> 53 | AC27: =IF(X27<45,if(Y27<=45,0,Y27-45),AB27+45-X27) -> 17 | AF27: =AE27+AC27+AA27 -> 17 | AG27: 1934.3 | AH27: 608.7 | AI27: 830.9 | AJ27: 247.3 | AK27: 162.7 | AL27: 84.7 | AM27: 20 | AN27: 13 | AO27: 31.4 | AP27: =AG27/$AF27 -> 113.78235 | AQ27: =AH27/$AF27 -> 35.805882 | AR27: =AI27/$AF27 -> 48.876471 | AS27: =AQ27+AR27 -> 84.682353 | AT27: =AJ27/$AF27 -> 14.547059 | AU27: =AK27/$AF27 -> 9.5705882 | AV27: =AL27/$AF27 -> 4.9823529 | AW27: =(AK27+AL27)/AF27 -> 14.552941 | AX27: =AM27/$AF27 -> 1.1764706 | AY27: =AN27/$AF27 -> 0.76470588 | AZ27: =VLOOKUP(A27,Jogos!A:BN,58,0) -> 28.26 | BA27: =VLOOKUP(A27,Jogos!A:BN,59,0) -> 22.895 | BB27: =VLOOKUP(A27,Jogos!A:BN,60,0) -> 72 | BC27: =VLOOKUP(A27,Jogos!A:BN,61,0) -> 27.605 | BD27: =VLOOKUP(A27,Jogos!A:BN,62,0) -> 0.5 | BE27: =VLOOKUP(A27,Jogos!A:BN,63,0) -> 2.07 | BF27: =VLOOKUP(A27,Jogos!A:BN,64,0) -> 24.755 | BG27: =VLOOKUP(A27,Jogos!A:BN,65,0) -> 42.805 | BH27: =VLOOKUP(A27,Jogos!A:BN,66,0) -> 28.715
A28: 1 | B28: Group A | C28: Group | D28: 45822 | E28: 0.83333333 | F28: =VLOOKUP(A28,Jogos!A:N,10,0) -> Evening | G28: Hard Rock Stadium | H28: =VLOOKUP(A28,Jogos!A:L,12,0) -> Open | I28: =VLOOKUP(G28,'Estádios e Cidades'!A:B,2,0) -> Miami Gardens - Flórida | J28: Inter Miami CF | K28: =VLOOKUP(J28,Equipes!A:F,6,0) -> Tropical | L28: =VLOOKUP(J28,Equipes!A:C,3,0) -> 16 | M28: =if(L28<3,"Final",IF(L28<5,"Semi-final",if(L28<9,"Quarter-final",if(L28<17,"Round of 16","Group")))) -> Round of 16 | N28: Al Ahly FC | O28: =VLOOKUP(N28,Equipes!A:C,3,0) -> 25 | P28: =if(O28<3,"Final",IF(O28<5,"Semi-final",if(O28<9,"Quarter-final",if(O28<17,"Round of 16","Group")))) -> Group | Q28: =L28-O28 -> -9 | R28: =VLOOKUP(J28,Equipes!A:B,2,0) -> InterMiami | S28: 30-InterMiami | T28: 30 | U28: Benjamin CREMASCHI | V28: =VLOOKUP(U28,Jogadores!B:C,2,0) -> MF | W28: =VLOOKUP(U28,Jogadores!B:D,3,0) -> 20.419178 | X28: 73 | Y28: =45+AB28 -> 98 | Z28: =VLOOKUP(A28,Jogos!A:L,3,0) -> 48 | AA28: =IF(X28<45,if(Y28>=45,Z28-X28,if(Y28<=Z28,Y28-X28,Z28)),0) -> 0 | AB28: =VLOOKUP(A28,Jogos!A:L,4,0) -> 53 | AC28: =IF(X28<45,if(Y28<=45,0,Y28-45),AB28+45-X28) -> 25 | AF28: =AE28+AC28+AA28 -> 25 | AG28: 3071.4 | AH28: 914.9 | AI28: 1258.3 | AJ28: 609.3 | AK28: 193.4 | AL28: 95.5 | AM28: 42 | AN28: 19 | AO28: 30.2 | AP28: =AG28/$AF28 -> 122.856 | AQ28: =AH28/$AF28 -> 36.596 | AR28: =AI28/$AF28 -> 50.332 | AS28: =AQ28+AR28 -> 86.928 | AT28: =AJ28/$AF28 -> 24.372 | AU28: =AK28/$AF28 -> 7.736 | AV28: =AL28/$AF28 -> 3.82 | AW28: =(AK28+AL28)/AF28 -> 11.556 | AX28: =AM28/$AF28 -> 1.68 | AY28: =AN28/$AF28 -> 0.76 | AZ28: =VLOOKUP(A28,Jogos!A:BN,58,0) -> 28.26 | BA28: =VLOOKUP(A28,Jogos!A:BN,59,0) -> 22.895 | BB28: =VLOOKUP(A28,Jogos!A:BN,60,0) -> 72 | BC28: =VLOOKUP(A28,Jogos!A:BN,61,0) -> 27.605 | BD28: =VLOOKUP(A28,Jogos!A:BN,62,0) -> 0.5 | BE28: =VLOOKUP(A28,Jogos!A:BN,63,0) -> 2.07 | BF28: =VLOOKUP(A28,Jogos!A:BN,64,0) -> 24.755 | BG28: =VLOOKUP(A28,Jogos!A:BN,65,0) -> 42.805 | BH28: =VLOOKUP(A28,Jogos!A:BN,66,0) -> 28.715
A29: 1 | B29: Group A | C29: Group | D29: 45822 | E29: 0.83333333 | F29: =VLOOKUP(A29,Jogos!A:N,10,0) -> Evening | G29: Hard Rock Stadium | H29: =VLOOKUP(A29,Jogos!A:L,12,0) -> Open | I29: =VLOOKUP(G29,'Estádios e Cidades'!A:B,2,0) -> Miami Gardens - Flórida | J29: Inter Miami CF | K29: =VLOOKUP(J29,Equipes!A:F,6,0) -> Tropical | L29: =VLOOKUP(J29,Equipes!A:C,3,0) -> 16 | M29: =if(L29<3,"Final",IF(L29<5,"Semi-final",if(L29<9,"Quarter-final",if(L29<17,"Round of 16","Group")))) -> Round of 16 | N29: Al Ahly FC | O29: =VLOOKUP(N29,Equipes!A:C,3,0) -> 25 | P29: =if(O29<3,"Final",IF(O29<5,"Semi-final",if(O29<9,"Quarter-final",if(O29<17,"Round of 16","Group")))) -> Group | Q29: =L29-O29 -> -9 | R29: =VLOOKUP(J29,Equipes!A:B,2,0) -> InterMiami | S29: 57-InterMiami | T29: 57 | U29: Marcelo WEIGANDT | V29: =VLOOKUP(U29,Jogadores!B:C,2,0) -> DF | W29: =VLOOKUP(U29,Jogadores!B:D,3,0) -> 25.561644 | X29: 45 | Y29: =45+AB29 -> 98 | Z29: =VLOOKUP(A29,Jogos!A:L,3,0) -> 48 | AA29: =IF(X29<45,if(Y29>=45,Z29-X29,if(Y29<=Z29,Y29-X29,Z29)),0) -> 0 | AB29: =VLOOKUP(A29,Jogos!A:L,4,0) -> 53 | AC29: =IF(X29<45,if(Y29<=45,0,Y29-45),AB29+45-X29) -> 53 | AF29: =AE29+AC29+AA29 -> 53 | AG29: 5297.9 | AH29: 2102.2 | AI29: 1946.6 | AJ29: 705.4 | AK29: 310.5 | AL29: 233.2 | AM29: 61 | AN29: 33 | AO29: 32.8 | AP29: =AG29/$AF29 -> 99.960377 | AQ29: =AH29/$AF29 -> 39.664151 | AR29: =AI29/$AF29 -> 36.728302 | AS29: =AQ29+AR29 -> 76.392453 | AT29: =AJ29/$AF29 -> 13.309434 | AU29: =AK29/$AF29 -> 5.8584906 | AV29: =AL29/$AF29 -> 4.4 | AW29: =(AK29+AL29)/AF29 -> 10.258491 | AX29: =AM29/$AF29 -> 1.1509434 | AY29: =AN29/$AF29 -> 0.62264151 | AZ29: =VLOOKUP(A29,Jogos!A:BN,58,0) -> 28.26 | BA29: =VLOOKUP(A29,Jogos!A:BN,59,0) -> 22.895 | BB29: =VLOOKUP(A29,Jogos!A:BN,60,0) -> 72 | BC29: =VLOOKUP(A29,Jogos!A:BN,61,0) -> 27.605 | BD29: =VLOOKUP(A29,Jogos!A:BN,62,0) -> 0.5 | BE29: =VLOOKUP(A29,Jogos!A:BN,63,0) -> 2.07 | BF29: =VLOOKUP(A29,Jogos!A:BN,64,0) -> 24.755 | BG29: =VLOOKUP(A29,Jogos!A:BN,65,0) -> 42.805 | BH29: =VLOOKUP(A29,Jogos!A:BN,66,0) -> 28.715
A30: 2 | B30: Group C | C30: Group | D30: 45823 | E30: 0.5 | F30: =VLOOKUP(A30,Jogos!A:N,10,0) -> Afternoon | G30: TQL Stadium | H30: =VLOOKUP(A30,Jogos!A:L,12,0) -> Open | I30: =VLOOKUP(G30,'Estádios e Cidades'!A:B,2,0) -> Cincinnati | J30: FC Bayern Munchen | K30: =VLOOKUP(J30,Equipes!A:F,6,0) -> Temperate | L30: =VLOOKUP(J30,Equipes!A:C,3,0) -> 6 | M30: =if(L30<3,"Final",IF(L30<5,"Semi-final",if(L30<9,"Quarter-final",if(L30<17,"Round of 16","Group")))) -> Quarter-final | N30: Auckland City FC | O30: =VLOOKUP(N30,Equipes!A:C,3,0) -> 27 | P30: =if(O30<3,"Final",IF(O30<5,"Semi-final",if(O30<9,"Quarter-final",if(O30<17,"Round of 16","Group")))) -> Group | Q30: =L30-O30 -> -21 | R30: =VLOOKUP(J30,Equipes!A:B,2,0) -> Bayern | S30: 4-Bayern | T30: 4 | U30: Jonathan TAH | V30: =VLOOKUP(U30,Jogadores!B:C,2,0) -> DF | W30: =VLOOKUP(U30,Jogadores!B:D,3,0) -> 29.479452 | X30: 0 | Y30: =45+AB30 -> 95 | Z30: =VLOOKUP(A30,Jogos!A:L,3,0) -> 49 | AA30: =IF(X30<45,if(Y30>=45,Z30-X30,if(Y30<=Z30,Y30-X30,Z30)),0) -> 49 | AB30: =VLOOKUP(A30,Jogos!A:L,4,0) -> 50 | AC30: =IF(X30<45,if(Y30<=45,0,Y30-45),AB30+45-X30) -> 50 | AF30: =AE30+AC30+AA30 -> 99 | AG30: 10950.9 | AH30: 4450.3 | AI30: 4702.8 | AJ30: 1232.4 | AK30: 449.3 | AL30: 116.2 | AM30: 120 | AN30: 34 | AO30: 32 | AP30: =AG30/$AF30 -> 110.61515 | AQ30: =AH30/$AF30 -> 44.952525 | AR30: =AI30/$AF30 -> 47.50303 | AS30: =AQ30+AR30 -> 92.455556 | AT30: =AJ30/$AF30 -> 12.448485 | AU30: =AK30/$AF30 -> 4.5383838 | AV30: =AL30/$AF30 -> 1.1737374 | AW30: =(AK30+AL30)/AF30 -> 5.7121212 | AX30: =AM30/$AF30 -> 1.2121212 | AY30: =AN30/$AF30 -> 0.34343434 | AZ30: =VLOOKUP(A30,Jogos!A:BN,58,0) -> 26.09 | BA30: =VLOOKUP(A30,Jogos!A:BN,59,0) -> 21.3 | BB30: =VLOOKUP(A30,Jogos!A:BN,60,0) -> 74.5 | BC30: =VLOOKUP(A30,Jogos!A:BN,61,0) -> 24.475 | BD30: =VLOOKUP(A30,Jogos!A:BN,62,0) -> 547.2 | BE30: =VLOOKUP(A30,Jogos!A:BN,63,0) -> 1.025 | BF30: =VLOOKUP(A30,Jogos!A:BN,64,0) -> 23.575 | BG30: =VLOOKUP(A30,Jogos!A:BN,65,0) -> 41.075 | BH30: =VLOOKUP(A30,Jogos!A:BN,66,0) -> 27.33
A31: 2 | B31: Group C | C31: Group | D31: 45823 | E31: 0.5 | F31: =VLOOKUP(A31,Jogos!A:N,10,0) -> Afternoon | G31: TQL Stadium | H31: =VLOOKUP(A31,Jogos!A:L,12,0) -> Open | I31: =VLOOKUP(G31,'Estádios e Cidades'!A:B,2,0) -> Cincinnati | J31: FC Bayern Munchen | K31: =VLOOKUP(J31,Equipes!A:F,6,0) -> Temperate | L31: =VLOOKUP(J31,Equipes!A:C,3,0) -> 6 | M31: =if(L31<3,"Final",IF(L31<5,"Semi-final",if(L31<9,"Quarter-final",if(L31<17,"Round of 16","Group")))) -> Quarter-final | N31: Auckland City FC | O31: =VLOOKUP(N31,Equipes!A:C,3,0) -> 27 | P31: =if(O31<3,"Final",IF(O31<5,"Semi-final",if(O31<9,"Quarter-final",if(O31<17,"Round of 16","Group")))) -> Group | Q31: =L31-O31 -> -21 | R31: =VLOOKUP(J31,Equipes!A:B,2,0) -> Bayern | S31: 6-Bayern | T31: 6 | U31: Joshua KIMMICH | V31: =VLOOKUP(U31,Jogadores!B:C,2,0) -> MF | W31: =VLOOKUP(U31,Jogadores!B:D,3,0) -> 30.487671 | X31: 0 | Y31: =45+AB31 -> 95 | Z31: =VLOOKUP(A31,Jogos!A:L,3,0) -> 49 | AA31: =IF(X31<45,if(Y31>=45,Z31-X31,if(Y31<=Z31,Y31-X31,Z31)),0) -> 49 | AB31: =VLOOKUP(A31,Jogos!A:L,4,0) -> 50 | AC31: =IF(X31<45,if(Y31<=45,0,Y31-45),AB31+45-X31) -> 50 | AF31: =AE31+AC31+AA31 -> 99 | AG31: 11626.2 | AH31: 4105.8 | AI31: 5388.4 | AJ31: 1514.8 | AK31: 433.1 | AL31: 184.1 | AM31: 127 | AN31: 32 | AO31: 31.1 | AP31: =AG31/$AF31 -> 117.43636 | AQ31: =AH31/$AF31 -> 41.472727 | AR31: =AI31/$AF31 -> 54.428283 | AS31: =AQ31+AR31 -> 95.90101 | AT31: =AJ31/$AF31 -> 15.30101 | AU31: =AK31/$AF31 -> 4.3747475 | AV31: =AL31/$AF31 -> 1.859596 | AW31: =(AK31+AL31)/AF31 -> 6.2343434 | AX31: =AM31/$AF31 -> 1.2828283 | AY31: =AN31/$AF31 -> 0.32323232 | AZ31: =VLOOKUP(A31,Jogos!A:BN,58,0) -> 26.09 | BA31: =VLOOKUP(A31,Jogos!A:BN,59,0) -> 21.3 | BB31: =VLOOKUP(A31,Jogos!A:BN,60,0) -> 74.5 | BC31: =VLOOKUP(A31,Jogos!A:BN,61,0) -> 24.475 | BD31: =VLOOKUP(A31,Jogos!A:BN,62,0) -> 547.2 | BE31: =VLOOKUP(A31,Jogos!A:BN,63,0) -> 1.025 | BF31: =VLOOKUP(A31,Jogos!A:BN,64,0) -> 23.575 | BG31: =VLOOKUP(A31,Jogos!A:BN,65,0) -> 41.075 | BH31: =VLOOKUP(A31,Jogos!A:BN,66,0) -> 27.33
A32: 2 | B32: Group C | C32: Group | D32: 45823 | E32: 0.5 | F32: =VLOOKUP(A32,Jogos!A:N,10,0) -> Afternoon | G32: TQL Stadium | H32: =VLOOKUP(A32,Jogos!A:L,12,0) -> Open | I32: =VLOOKUP(G32,'Estádios e Cidades'!A:B,2,0) -> Cincinnati | J32: FC Bayern Munchen | K32: =VLOOKUP(J32,Equipes!A:F,6,0) -> Temperate | L32: =VLOOKUP(J32,Equipes!A:C,3,0) -> 6 | M32: =if(L32<3,"Final",IF(L32<5,"Semi-final",if(L32<9,"Quarter-final",if(L32<17,"Round of 16","Group")))) -> Quarter-final | N32: Auckland City FC | O32: =VLOOKUP(N32,Equipes!A:C,3,0) -> 27 | P32: =if(O32<3,"Final",IF(O32<5,"Semi-final",if(O32<9,"Quarter-final",if(O32<17,"Round of 16","Group")))) -> Group | Q32: =L32-O32 -> -21 | R32: =VLOOKUP(J32,Equipes!A:B,2,0) -> Bayern | S32: 9-Bayern | T32: 9 | U32: Harry KANE | V32: =VLOOKUP(U32,Jogadores!B:C,2,0) -> FW | W32: =VLOOKUP(U32,Jogadores!B:D,3,0) -> 32.021918 | X32: 0 | Y32: 61 | Z32: =VLOOKUP(A32,Jogos!A:L,3,0) -> 49 | AA32: =IF(X32<45,if(Y32>=45,Z32-X32,if(Y32<=Z32,Y32-X32,Z32)),0) -> 49 | AB32: =VLOOKUP(A32,Jogos!A:L,4,0) -> 50 | AC32: =IF(X32<45,if(Y32<=45,0,Y32-45),AB32+45-X32) -> 16 | AF32: =AE32+AC32+AA32 -> 65 | AG32: 7127.4 | AH32: 2864.4 | AI32: 3212.9 | AJ32: 739.3 | AK32: 235.6 | AL32: 75.3 | AM32: 69 | AN32: 20 | AO32: 29.4 | AP32: =AG32/$AF32 -> 109.65231 | AQ32: =AH32/$AF32 -> 44.067692 | AR32: =AI32/$AF32 -> 49.429231 | AS32: =AQ32+AR32 -> 93.496923 | AT32: =AJ32/$AF32 -> 11.373846 | AU32: =AK32/$AF32 -> 3.6246154 | AV32: =AL32/$AF32 -> 1.1584615 | AW32: =(AK32+AL32)/AF32 -> 4.7830769 | AX32: =AM32/$AF32 -> 1.0615385 | AY32: =AN32/$AF32 -> 0.30769231 | AZ32: =VLOOKUP(A32,Jogos!A:BN,58,0) -> 26.09 | BA32: =VLOOKUP(A32,Jogos!A:BN,59,0) -> 21.3 | BB32: =VLOOKUP(A32,Jogos!A:BN,60,0) -> 74.5 | BC32: =VLOOKUP(A32,Jogos!A:BN,61,0) -> 24.475 | BD32: =VLOOKUP(A32,Jogos!A:BN,62,0) -> 547.2 | BE32: =VLOOKUP(A32,Jogos!A:BN,63,0) -> 1.025 | BF32: =VLOOKUP(A32,Jogos!A:BN,64,0) -> 23.575 | BG32: =VLOOKUP(A32,Jogos!A:BN,65,0) -> 41.075 | BH32: =VLOOKUP(A32,Jogos!A:BN,66,0) -> 27.33
A33: 2 | B33: Group C | C33: Group | D33: 45823 | E33: 0.5 | F33: =VLOOKUP(A33,Jogos!A:N,10,0) -> Afternoon | G33: TQL Stadium | H33: =VLOOKUP(A33,Jogos!A:L,12,0) -> Open | I33: =VLOOKUP(G33,'Estádios e Cidades'!A:B,2,0) -> Cincinnati | J33: FC Bayern Munchen | K33: =VLOOKUP(J33,Equipes!A:F,6,0) -> Temperate | L33: =VLOOKUP(J33,Equipes!A:C,3,0) -> 6 | M33: =if(L33<3,"Final",IF(L33<5,"Semi-final",if(L33<9,"Quarter-final",if(L33<17,"Round of 16","Group")))) -> Quarter-final | N33: Auckland City FC | O33: =VLOOKUP(N33,Equipes!A:C,3,0) -> 27 | P33: =if(O33<3,"Final",IF(O33<5,"Semi-final",if(O33<9,"Quarter-final",if(O33<17,"Round of 16","Group")))) -> Group | Q33: =L33-O33 -> -21 | R33: =VLOOKUP(J33,Equipes!A:B,2,0) -> Bayern | S33: 11-Bayern | T33: 11 | U33: Kingsley COMAN | V33: =VLOOKUP(U33,Jogadores!B:C,2,0) -> FW | W33: =VLOOKUP(U33,Jogadores!B:D,3,0) -> 29.142466 | X33: 0 | Y33: 45 | Z33: =VLOOKUP(A33,Jogos!A:L,3,0) -> 49 | AA33: =IF(X33<45,if(Y33>=45,Z33-X33,if(Y33<=Z33,Y33-X33,Z33)),0) -> 49 | AB33: =VLOOKUP(A33,Jogos!A:L,4,0) -> 50 | AC33: =IF(X33<45,if(Y33<=45,0,Y33-45),AB33+45-X33) -> 0 | AF33: =AE33+AC33+AA33 -> 49 | AG33: 5802.6 | AH33: 1912 | AI33: 2746.4 | AJ33: 763.9 | AK33: 292.5 | AL33: 87.8 | AM33: 63 | AN33: 26 | AO33: 29.1 | AP33: =AG33/$AF33 -> 118.42041 | AQ33: =AH33/$AF33 -> 39.020408 | AR33: =AI33/$AF33 -> 56.04898 | AS33: =AQ33+AR33 -> 95.069388 | AT33: =AJ33/$AF33 -> 15.589796 | AU33: =AK33/$AF33 -> 5.9693878 | AV33: =AL33/$AF33 -> 1.7918367 | AW33: =(AK33+AL33)/AF33 -> 7.7612245 | AX33: =AM33/$AF33 -> 1.2857143 | AY33: =AN33/$AF33 -> 0.53061224 | AZ33: =VLOOKUP(A33,Jogos!A:BN,58,0) -> 26.09 | BA33: =VLOOKUP(A33,Jogos!A:BN,59,0) -> 21.3 | BB33: =VLOOKUP(A33,Jogos!A:BN,60,0) -> 74.5 | BC33: =VLOOKUP(A33,Jogos!A:BN,61,0) -> 24.475 | BD33: =VLOOKUP(A33,Jogos!A:BN,62,0) -> 547.2 | BE33: =VLOOKUP(A33,Jogos!A:BN,63,0) -> 1.025 | BF33: =VLOOKUP(A33,Jogos!A:BN,64,0) -> 23.575 | BG33: =VLOOKUP(A33,Jogos!A:BN,65,0) -> 41.075 | BH33: =VLOOKUP(A33,Jogos!A:BN,66,0) -> 27.33
A34: 2 | B34: Group C | C34: Group | D34: 45823 | E34: 0.5 | F34: =VLOOKUP(A34,Jogos!A:N,10,0) -> Afternoon | G34: TQL Stadium | H34: =VLOOKUP(A34,Jogos!A:L,12,0) -> Open | I34: =VLOOKUP(G34,'Estádios e Cidades'!A:B,2,0) -> Cincinnati | J34: FC Bayern Munchen | K34: =VLOOKUP(J34,Equipes!A:F,6,0) -> Temperate | L34: =VLOOKUP(J34,Equipes!A:C,3,0) -> 6 | M34: =if(L34<3,"Final",IF(L34<5,"Semi-final",if(L34<9,"Quarter-final",if(L34<17,"Round of 16","Group")))) -> Quarter-final | N34: Auckland City FC | O34: =VLOOKUP(N34,Equipes!A:C,3,0) -> 27 | P34: =if(O34<3,"Final",IF(O34<5,"Semi-final",if(O34<9,"Quarter-final",if(O34<17,"Round of 16","Group")))) -> Group | Q34: =L34-O34 -> -21 | R34: =VLOOKUP(J34,Equipes!A:B,2,0) -> Bayern | S34: 17-Bayern | T34: 17 | U34: Michael OLISE | V34: =VLOOKUP(U34,Jogadores!B:C,2,0) -> FW | W34: =VLOOKUP(U34,Jogadores!B:D,3,0) -> 23.641096 | X34: 0 | Y34: 45 | Z34: =VLOOKUP(A34,Jogos!A:L,3,0) -> 49 | AA34: =IF(X34<45,if(Y34>=45,Z34-X34,if(Y34<=Z34,Y34-X34,Z34)),0) -> 49 | AB34: =VLOOKUP(A34,Jogos!A:L,4,0) -> 50 | AC34: =IF(X34<45,if(Y34<=45,0,Y34-45),AB34+45-X34) -> 0 | AF34: =AE34+AC34+AA34 -> 49 | AG34: 5720.2 | AH34: 1942.4 | AI34: 2671.5 | AJ34: 772.1 | AK34: 260.2 | AL34: 73.8 | AM34: 74 | AN34: 23 | AO34: 28.9 | AP34: =AG34/$AF34 -> 116.73878 | AQ34: =AH34/$AF34 -> 39.640816 | AR34: =AI34/$AF34 -> 54.520408 | AS34: =AQ34+AR34 -> 94.161224 | AT34: =AJ34/$AF34 -> 15.757143 | AU34: =AK34/$AF34 -> 5.3102041 | AV34: =AL34/$AF34 -> 1.5061224 | AW34: =(AK34+AL34)/AF34 -> 6.8163265 | AX34: =AM34/$AF34 -> 1.5102041 | AY34: =AN34/$AF34 -> 0.46938776 | AZ34: =VLOOKUP(A34,Jogos!A:BN,58,0) -> 26.09 | BA34: =VLOOKUP(A34,Jogos!A:BN,59,0) -> 21.3 | BB34: =VLOOKUP(A34,Jogos!A:BN,60,0) -> 74.5 | BC34: =VLOOKUP(A34,Jogos!A:BN,61,0) -> 24.475 | BD34: =VLOOKUP(A34,Jogos!A:BN,62,0) -> 547.2 | BE34: =VLOOKUP(A34,Jogos!A:BN,63,0) -> 1.025 | BF34: =VLOOKUP(A34,Jogos!A:BN,64,0) -> 23.575 | BG34: =VLOOKUP(A34,Jogos!A:BN,65,0) -> 41.075 | BH34: =VLOOKUP(A34,Jogos!A:BN,66,0) -> 27.33
A35: 2 | B35: Group C | C35: Group | D35: 45823 | E35: 0.5 | F35: =VLOOKUP(A35,Jogos!A:N,10,0) -> Afternoon | G35: TQL Stadium | H35: =VLOOKUP(A35,Jogos!A:L,12,0) -> Open | I35: =VLOOKUP(G35,'Estádios e Cidades'!A:B,2,0) -> Cincinnati | J35: FC Bayern Munchen | K35: =VLOOKUP(J35,Equipes!A:F,6,0) -> Temperate | L35: =VLOOKUP(J35,Equipes!A:C,3,0) -> 6 | M35: =if(L35<3,"Final",IF(L35<5,"Semi-final",if(L35<9,"Quarter-final",if(L35<17,"Round of 16","Group")))) -> Quarter-final | N35: Auckland City FC | O35: =VLOOKUP(N35,Equipes!A:C,3,0) -> 27 | P35: =if(O35<3,"Final",IF(O35<5,"Semi-final",if(O35<9,"Quarter-final",if(O35<17,"Round of 16","Group")))) -> Group | Q35: =L35-O35 -> -21 | R35: =VLOOKUP(J35,Equipes!A:B,2,0) -> Bayern | S35: 22-Bayern | T35: 22 | U35: RAPHAEL GUERREIRO | V35: =VLOOKUP(U35,Jogadores!B:C,2,0) -> DF | W35: =VLOOKUP(U35,Jogadores!B:D,3,0) -> 31.619178 | X35: 0 | Y35: 61 | Z35: =VLOOKUP(A35,Jogos!A:L,3,0) -> 49 | AA35: =IF(X35<45,if(Y35>=45,Z35-X35,if(Y35<=Z35,Y35-X35,Z35)),0) -> 49 | AB35: =VLOOKUP(A35,Jogos!A:L,4,0) -> 50 | AC35: =IF(X35<45,if(Y35<=45,0,Y35-45),AB35+45-X35) -> 16 | AF35: =AE35+AC35+AA35 -> 65 | AG35: 7698.5 | AH35: 2541.7 | AI35: 3535.8 | AJ35: 1055.5 | AK35: 457.1 | AL35: 108.3 | AM35: 92 | AN35: 37 | AO35: 28.9 | AP35: =AG35/$AF35 -> 118.43846 | AQ35: =AH35/$AF35 -> 39.103077 | AR35: =AI35/$AF35 -> 54.396923 | AS35: =AQ35+AR35 -> 93.5 | AT35: =AJ35/$AF35 -> 16.238462 | AU35: =AK35/$AF35 -> 7.0323077 | AV35: =AL35/$AF35 -> 1.6661538 | AW35: =(AK35+AL35)/AF35 -> 8.6984615 | AX35: =AM35/$AF35 -> 1.4153846 | AY35: =AN35/$AF35 -> 0.56923077 | AZ35: =VLOOKUP(A35,Jogos!A:BN,58,0) -> 26.09 | BA35: =VLOOKUP(A35,Jogos!A:BN,59,0) -> 21.3 | BB35: =VLOOKUP(A35,Jogos!A:BN,60,0) -> 74.5 | BC35: =VLOOKUP(A35,Jogos!A:BN,61,0) -> 24.475 | BD35: =VLOOKUP(A35,Jogos!A:BN,62,0) -> 547.2 | BE35: =VLOOKUP(A35,Jogos!A:BN,63,0) -> 1.025 | BF35: =VLOOKUP(A35,Jogos!A:BN,64,0) -> 23.575 | BG35: =VLOOKUP(A35,Jogos!A:BN,65,0) -> 41.075 | BH35: =VLOOKUP(A35,Jogos!A:BN,66,0) -> 27.33
A36: 2 | B36: Group C | C36: Group | D36: 45823 | E36: 0.5 | F36: =VLOOKUP(A36,Jogos!A:N,10,0) -> Afternoon | G36: TQL Stadium | H36: =VLOOKUP(A36,Jogos!A:L,12,0) -> Open | I36: =VLOOKUP(G36,'Estádios e Cidades'!A:B,2,0) -> Cincinnati | J36: FC Bayern Munchen | K36: =VLOOKUP(J36,Equipes!A:F,6,0) -> Temperate | L36: =VLOOKUP(J36,Equipes!A:C,3,0) -> 6 | M36: =if(L36<3,"Final",IF(L36<5,"Semi-final",if(L36<9,"Quarter-final",if(L36<17,"Round of 16","Group")))) -> Quarter-final | N36: Auckland City FC | O36: =VLOOKUP(N36,Equipes!A:C,3,0) -> 27 | P36: =if(O36<3,"Final",IF(O36<5,"Semi-final",if(O36<9,"Quarter-final",if(O36<17,"Round of 16","Group")))) -> Group | Q36: =L36-O36 -> -21 | R36: =VLOOKUP(J36,Equipes!A:B,2,0) -> Bayern | S36: 23-Bayern | T36: 23 | U36: Sacha BOEY | V36: =VLOOKUP(U36,Jogadores!B:C,2,0) -> DF | W36: =VLOOKUP(U36,Jogadores!B:D,3,0) -> 24.887671 | X36: 0 | Y36: =45+AB36 -> 95 | Z36: =VLOOKUP(A36,Jogos!A:L,3,0) -> 49 | AA36: =IF(X36<45,if(Y36>=45,Z36-X36,if(Y36<=Z36,Y36-X36,Z36)),0) -> 49 | AB36: =VLOOKUP(A36,Jogos!A:L,4,0) -> 50 | AC36: =IF(X36<45,if(Y36<=45,0,Y36-45),AB36+45-X36) -> 50 | AF36: =AE36+AC36+AA36 -> 99 | AG36: 11519.8 | AH36: 4209.7 | AI36: 4667 | AJ36: 1380.3 | AK36: 781.3 | AL36: 481.5 | AM36: 121 | AN36: 71 | AO36: 32.3 | AP36: =AG36/$AF36 -> 116.36162 | AQ36: =AH36/$AF36 -> 42.522222 | AR36: =AI36/$AF36 -> 47.141414 | AS36: =AQ36+AR36 -> 89.663636 | AT36: =AJ36/$AF36 -> 13.942424 | AU36: =AK36/$AF36 -> 7.8919192 | AV36: =AL36/$AF36 -> 4.8636364 | AW36: =(AK36+AL36)/AF36 -> 12.755556 | AX36: =AM36/$AF36 -> 1.2222222 | AY36: =AN36/$AF36 -> 0.71717172 | AZ36: =VLOOKUP(A36,Jogos!A:BN,58,0) -> 26.09 | BA36: =VLOOKUP(A36,Jogos!A:BN,59,0) -> 21.3 | BB36: =VLOOKUP(A36,Jogos!A:BN,60,0) -> 74.5 | BC36: =VLOOKUP(A36,Jogos!A:BN,61,0) -> 24.475 | BD36: =VLOOKUP(A36,Jogos!A:BN,62,0) -> 547.2 | BE36: =VLOOKUP(A36,Jogos!A:BN,63,0) -> 1.025 | BF36: =VLOOKUP(A36,Jogos!A:BN,64,0) -> 23.575 | BG36: =VLOOKUP(A36,Jogos!A:BN,65,0) -> 41.075 | BH36: =VLOOKUP(A36,Jogos!A:BN,66,0) -> 27.33
A37: 2 | B37: Group C | C37: Group | D37: 45823 | E37: 0.5 | F37: =VLOOKUP(A37,Jogos!A:N,10,0) -> Afternoon | G37: TQL Stadium | H37: =VLOOKUP(A37,Jogos!A:L,12,0) -> Open | I37: =VLOOKUP(G37,'Estádios e Cidades'!A:B,2,0) -> Cincinnati | J37: FC Bayern Munchen | K37: =VLOOKUP(J37,Equipes!A:F,6,0) -> Temperate | L37: =VLOOKUP(J37,Equipes!A:C,3,0) -> 6 | M37: =if(L37<3,"Final",IF(L37<5,"Semi-final",if(L37<9,"Quarter-final",if(L37<17,"Round of 16","Group")))) -> Quarter-final | N37: Auckland City FC | O37: =VLOOKUP(N37,Equipes!A:C,3,0) -> 27 | P37: =if(O37<3,"Final",IF(O37<5,"Semi-final",if(O37<9,"Quarter-final",if(O37<17,"Round of 16","Group")))) -> Group | Q37: =L37-O37 -> -21 | R37: =VLOOKUP(J37,Equipes!A:B,2,0) -> Bayern | S37: 25-Bayern | T37: 25 | U37: Thomas MUELLER | V37: =VLOOKUP(U37,Jogadores!B:C,2,0) -> FW | W37: =VLOOKUP(U37,Jogadores!B:D,3,0) -> 35.89589 | X37: 0 | Y37: =45+AB37 -> 95 | Z37: =VLOOKUP(A37,Jogos!A:L,3,0) -> 49 | AA37: =IF(X37<45,if(Y37>=45,Z37-X37,if(Y37<=Z37,Y37-X37,Z37)),0) -> 49 | AB37: =VLOOKUP(A37,Jogos!A:L,4,0) -> 50 | AC37: =IF(X37<45,if(Y37<=45,0,Y37-45),AB37+45-X37) -> 50 | AF37: =AE37+AC37+AA37 -> 99 | AG37: 11261.1 | AH37: 4415.2 | AI37: 5182.6 | AJ37: 1245.9 | AK37: 393.6 | AL37: 23.9 | AM37: 119 | AN37: 31 | AO37: 28.1 | AP37: =AG37/$AF37 -> 113.74848 | AQ37: =AH37/$AF37 -> 44.59798 | AR37: =AI37/$AF37 -> 52.349495 | AS37: =AQ37+AR37 -> 96.947475 | AT37: =AJ37/$AF37 -> 12.584848 | AU37: =AK37/$AF37 -> 3.9757576 | AV37: =AL37/$AF37 -> 0.24141414 | AW37: =(AK37+AL37)/AF37 -> 4.2171717 | AX37: =AM37/$AF37 -> 1.2020202 | AY37: =AN37/$AF37 -> 0.31313131 | AZ37: =VLOOKUP(A37,Jogos!A:BN,58,0) -> 26.09 | BA37: =VLOOKUP(A37,Jogos!A:BN,59,0) -> 21.3 | BB37: =VLOOKUP(A37,Jogos!A:BN,60,0) -> 74.5 | BC37: =VLOOKUP(A37,Jogos!A:BN,61,0) -> 24.475 | BD37: =VLOOKUP(A37,Jogos!A:BN,62,0) -> 547.2 | BE37: =VLOOKUP(A37,Jogos!A:BN,63,0) -> 1.025 | BF37: =VLOOKUP(A37,Jogos!A:BN,64,0) -> 23.575 | BG37: =VLOOKUP(A37,Jogos!A:BN,65,0) -> 41.075 | BH37: =VLOOKUP(A37,Jogos!A:BN,66,0) -> 27.33
A38: 2 | B38: Group C | C38: Group | D38: 45823 | E38: 0.5 | F38: =VLOOKUP(A38,Jogos!A:N,10,0) -> Afternoon | G38: TQL Stadium | H38: =VLOOKUP(A38,Jogos!A:L,12,0) -> Open | I38: =VLOOKUP(G38,'Estádios e Cidades'!A:B,2,0) -> Cincinnati | J38: FC Bayern Munchen | K38: =VLOOKUP(J38,Equipes!A:F,6,0) -> Temperate | L38: =VLOOKUP(J38,Equipes!A:C,3,0) -> 6 | M38: =if(L38<3,"Final",IF(L38<5,"Semi-final",if(L38<9,"Quarter-final",if(L38<17,"Round of 16","Group")))) -> Quarter-final | N38: Auckland City FC | O38: =VLOOKUP(N38,Equipes!A:C,3,0) -> 27 | P38: =if(O38<3,"Final",IF(O38<5,"Semi-final",if(O38<9,"Quarter-final",if(O38<17,"Round of 16","Group")))) -> Group | Q38: =L38-O38 -> -21 | R38: =VLOOKUP(J38,Equipes!A:B,2,0) -> Bayern | S38: 44-Bayern | T38: 44 | U38: Josip STANISIC | V38: =VLOOKUP(U38,Jogadores!B:C,2,0) -> DF | W38: =VLOOKUP(U38,Jogadores!B:D,3,0) -> 25.336986 | X38: 0 | Y38: 82 | Z38: =VLOOKUP(A38,Jogos!A:L,3,0) -> 49 | AA38: =IF(X38<45,if(Y38>=45,Z38-X38,if(Y38<=Z38,Y38-X38,Z38)),0) -> 49 | AB38: =VLOOKUP(A38,Jogos!A:L,4,0) -> 50 | AC38: =IF(X38<45,if(Y38<=45,0,Y38-45),AB38+45-X38) -> 37 | AF38: =AE38+AC38+AA38 -> 86 | AG38: 9361 | AH38: 3689.9 | AI38: 4008.8 | AJ38: 1165.9 | AK38: 417.9 | AL38: 78.6 | AM38: 110 | AN38: 31 | AO38: 30.3 | AP38: =AG38/$AF38 -> 108.84884 | AQ38: =AH38/$AF38 -> 42.905814 | AR38: =AI38/$AF38 -> 46.613953 | AS38: =AQ38+AR38 -> 89.519767 | AT38: =AJ38/$AF38 -> 13.556977 | AU38: =AK38/$AF38 -> 4.8593023 | AV38: =AL38/$AF38 -> 0.91395349 | AW38: =(AK38+AL38)/AF38 -> 5.7732558 | AX38: =AM38/$AF38 -> 1.2790698 | AY38: =AN38/$AF38 -> 0.36046512 | AZ38: =VLOOKUP(A38,Jogos!A:BN,58,0) -> 26.09 | BA38: =VLOOKUP(A38,Jogos!A:BN,59,0) -> 21.3 | BB38: =VLOOKUP(A38,Jogos!A:BN,60,0) -> 74.5 | BC38: =VLOOKUP(A38,Jogos!A:BN,61,0) -> 24.475 | BD38: =VLOOKUP(A38,Jogos!A:BN,62,0) -> 547.2 | BE38: =VLOOKUP(A38,Jogos!A:BN,63,0) -> 1.025 | BF38: =VLOOKUP(A38,Jogos!A:BN,64,0) -> 23.575 | BG38: =VLOOKUP(A38,Jogos!A:BN,65,0) -> 41.075 | BH38: =VLOOKUP(A38,Jogos!A:BN,66,0) -> 27.33
A39: 2 | B39: Group C | C39: Group | D39: 45823 | E39: 0.5 | F39: =VLOOKUP(A39,Jogos!A:N,10,0) -> Afternoon | G39: TQL Stadium | H39: =VLOOKUP(A39,Jogos!A:L,12,0) -> Open | I39: =VLOOKUP(G39,'Estádios e Cidades'!A:B,2,0) -> Cincinnati | J39: FC Bayern Munchen | K39: =VLOOKUP(J39,Equipes!A:F,6,0) -> Temperate | L39: =VLOOKUP(J39,Equipes!A:C,3,0) -> 6 | M39: =if(L39<3,"Final",IF(L39<5,"Semi-final",if(L39<9,"Quarter-final",if(L39<17,"Round of 16","Group")))) -> Quarter-final | N39: Auckland City FC | O39: =VLOOKUP(N39,Equipes!A:C,3,0) -> 27 | P39: =if(O39<3,"Final",IF(O39<5,"Semi-final",if(O39<9,"Quarter-final",if(O39<17,"Round of 16","Group")))) -> Group | Q39: =L39-O39 -> -21 | R39: =VLOOKUP(J39,Equipes!A:B,2,0) -> Bayern | S39: 45-Bayern | T39: 45 | U39: Aleksandar PAVLOVIC | V39: =VLOOKUP(U39,Jogadores!B:C,2,0) -> MF | W39: =VLOOKUP(U39,Jogadores!B:D,3,0) -> 21.249315 | X39: 0 | Y39: =45+AB39 -> 95 | Z39: =VLOOKUP(A39,Jogos!A:L,3,0) -> 49 | AA39: =IF(X39<45,if(Y39>=45,Z39-X39,if(Y39<=Z39,Y39-X39,Z39)),0) -> 49 | AB39: =VLOOKUP(A39,Jogos!A:L,4,0) -> 50 | AC39: =IF(X39<45,if(Y39<=45,0,Y39-45),AB39+45-X39) -> 50 | AF39: =AE39+AC39+AA39 -> 99 | AG39: 12328.9 | AH39: 3894.7 | AI39: 6050.5 | AJ39: 1844.9 | AK39: 507.5 | AL39: 31.3 | AM39: 176 | AN39: 35 | AO39: 27.7 | AP39: =AG39/$AF39 -> 124.53434 | AQ39: =AH39/$AF39 -> 39.340404 | AR39: =AI39/$AF39 -> 61.116162 | AS39: =AQ39+AR39 -> 100.45657 | AT39: =AJ39/$AF39 -> 18.635354 | AU39: =AK39/$AF39 -> 5.1262626 | AV39: =AL39/$AF39 -> 0.31616162 | AW39: =(AK39+AL39)/AF39 -> 5.4424242 | AX39: =AM39/$AF39 -> 1.7777778 | AY39: =AN39/$AF39 -> 0.35353535 | AZ39: =VLOOKUP(A39,Jogos!A:BN,58,0) -> 26.09 | BA39: =VLOOKUP(A39,Jogos!A:BN,59,0) -> 21.3 | BB39: =VLOOKUP(A39,Jogos!A:BN,60,0) -> 74.5 | BC39: =VLOOKUP(A39,Jogos!A:BN,61,0) -> 24.475 | BD39: =VLOOKUP(A39,Jogos!A:BN,62,0) -> 547.2 | BE39: =VLOOKUP(A39,Jogos!A:BN,63,0) -> 1.025 | BF39: =VLOOKUP(A39,Jogos!A:BN,64,0) -> 23.575 | BG39: =VLOOKUP(A39,Jogos!A:BN,65,0) -> 41.075 | BH39: =VLOOKUP(A39,Jogos!A:BN,66,0) -> 27.33
A40: 2 | B40: Group C | C40: Group | D40: 45823 | E40: 0.5 | F40: =VLOOKUP(A40,Jogos!A:N,10,0) -> Afternoon | G40: TQL Stadium | H40: =VLOOKUP(A40,Jogos!A:L,12,0) -> Open | I40: =VLOOKUP(G40,'Estádios e Cidades'!A:B,2,0) -> Cincinnati | J40: FC Bayern Munchen | K40: =VLOOKUP(J40,Equipes!A:F,6,0) -> Temperate | L40: =VLOOKUP(J40,Equipes!A:C,3,0) -> 6 | M40: =if(L40<3,"Final",IF(L40<5,"Semi-final",if(L40<9,"Quarter-final",if(L40<17,"Round of 16","Group")))) -> Quarter-final | N40: Auckland City FC | O40: =VLOOKUP(N40,Equipes!A:C,3,0) -> 27 | P40: =if(O40<3,"Final",IF(O40<5,"Semi-final",if(O40<9,"Quarter-final",if(O40<17,"Round of 16","Group")))) -> Group | Q40: =L40-O40 -> -21 | R40: =VLOOKUP(J40,Equipes!A:B,2,0) -> Bayern | S40: 2-Bayern | T40: 2 | U40: Dayot UPAMECANO | V40: =VLOOKUP(U40,Jogadores!B:C,2,0) -> DF | W40: =VLOOKUP(U40,Jogadores!B:D,3,0) -> 26.769863 | X40: 61 | Y40: =45+AB40 -> 95 | Z40: =VLOOKUP(A40,Jogos!A:L,3,0) -> 49 | AA40: =IF(X40<45,if(Y40>=45,Z40-X40,if(Y40<=Z40,Y40-X40,Z40)),0) -> 0 | AB40: =VLOOKUP(A40,Jogos!A:L,4,0) -> 50 | AC40: =IF(X40<45,if(Y40<=45,0,Y40-45),AB40+45-X40) -> 34 | AF40: =AE40+AC40+AA40 -> 34 | AG40: 3837.2 | AH40: 1451.4 | AI40: 1708.9 | AJ40: 436.4 | AK40: 162.4 | AL40: 78.1 | AM40: 42 | AN40: 13 | AO40: 31.7 | AP40: =AG40/$AF40 -> 112.85882 | AQ40: =AH40/$AF40 -> 42.688235 | AR40: =AI40/$AF40 -> 50.261765 | AS40: =AQ40+AR40 -> 92.95 | AT40: =AJ40/$AF40 -> 12.835294 | AU40: =AK40/$AF40 -> 4.7764706 | AV40: =AL40/$AF40 -> 2.2970588 | AW40: =(AK40+AL40)/AF40 -> 7.0735294 | AX40: =AM40/$AF40 -> 1.2352941 | AY40: =AN40/$AF40 -> 0.38235294 | AZ40: =VLOOKUP(A40,Jogos!A:BN,58,0) -> 26.09 | BA40: =VLOOKUP(A40,Jogos!A:BN,59,0) -> 21.3 | BB40: =VLOOKUP(A40,Jogos!A:BN,60,0) -> 74.5 | BC40: =VLOOKUP(A40,Jogos!A:BN,61,0) -> 24.475 | BD40: =VLOOKUP(A40,Jogos!A:BN,62,0) -> 547.2 | BE40: =VLOOKUP(A40,Jogos!A:BN,63,0) -> 1.025 | BF40: =VLOOKUP(A40,Jogos!A:BN,64,0) -> 23.575 | BG40: =VLOOKUP(A40,Jogos!A:BN,65,0) -> 41.075 | BH40: =VLOOKUP(A40,Jogos!A:BN,66,0) -> 27.33
A41: 2 | B41: Group C | C41: Group | D41: 45823 | E41: 0.5 | F41: =VLOOKUP(A41,Jogos!A:N,10,0) -> Afternoon | G41: TQL Stadium | H41: =VLOOKUP(A41,Jogos!A:L,12,0) -> Open | I41: =VLOOKUP(G41,'Estádios e Cidades'!A:B,2,0) -> Cincinnati | J41: FC Bayern Munchen | K41: =VLOOKUP(J41,Equipes!A:F,6,0) -> Temperate | L41: =VLOOKUP(J41,Equipes!A:C,3,0) -> 6 | M41: =if(L41<3,"Final",IF(L41<5,"Semi-final",if(L41<9,"Quarter-final",if(L41<17,"Round of 16","Group")))) -> Quarter-final | N41: Auckland City FC | O41: =VLOOKUP(N41,Equipes!A:C,3,0) -> 27 | P41: =if(O41<3,"Final",IF(O41<5,"Semi-final",if(O41<9,"Quarter-final",if(O41<17,"Round of 16","Group")))) -> Group | Q41: =L41-O41 -> -21 | R41: =VLOOKUP(J41,Equipes!A:B,2,0) -> Bayern | S41: 7-Bayern | T41: 7 | U41: Serge GNABRY | V41: =VLOOKUP(U41,Jogadores!B:C,2,0) -> FW | W41: =VLOOKUP(U41,Jogadores!B:D,3,0) -> 30.060274 | X41: 45 | Y41: =45+AB41 -> 95 | Z41: =VLOOKUP(A41,Jogos!A:L,3,0) -> 49 | AA41: =IF(X41<45,if(Y41>=45,Z41-X41,if(Y41<=Z41,Y41-X41,Z41)),0) -> 0 | AB41: =VLOOKUP(A41,Jogos!A:L,4,0) -> 50 | AC41: =IF(X41<45,if(Y41<=45,0,Y41-45),AB41+45-X41) -> 50 | AF41: =AE41+AC41+AA41 -> 50 | AG41: 5508.9 | AH41: 2216.7 | AI41: 1976.4 | AJ41: 825.3 | AK41: 370.3 | AL41: 120.2 | AM41: 78 | AN41: 27 | AO41: 31.3 | AP41: =AG41/$AF41 -> 110.178 | AQ41: =AH41/$AF41 -> 44.334 | AR41: =AI41/$AF41 -> 39.528 | AS41: =AQ41+AR41 -> 83.862 | AT41: =AJ41/$AF41 -> 16.506 | AU41: =AK41/$AF41 -> 7.406 | AV41: =AL41/$AF41 -> 2.404 | AW41: =(AK41+AL41)/AF41 -> 9.81 | AX41: =AM41/$AF41 -> 1.56 | AY41: =AN41/$AF41 -> 0.54 | AZ41: =VLOOKUP(A41,Jogos!A:BN,58,0) -> 26.09 | BA41: =VLOOKUP(A41,Jogos!A:BN,59,0) -> 21.3 | BB41: =VLOOKUP(A41,Jogos!A:BN,60,0) -> 74.5 | BC41: =VLOOKUP(A41,Jogos!A:BN,61,0) -> 24.475 | BD41: =VLOOKUP(A41,Jogos!A:BN,62,0) -> 547.2 | BE41: =VLOOKUP(A41,Jogos!A:BN,63,0) -> 1.025 | BF41: =VLOOKUP(A41,Jogos!A:BN,64,0) -> 23.575 | BG41: =VLOOKUP(A41,Jogos!A:BN,65,0) -> 41.075 | BH41: =VLOOKUP(A41,Jogos!A:BN,66,0) -> 27.33
A42: 2 | B42: Group C | C42: Group | D42: 45823 | E42: 0.5 | F42: =VLOOKUP(A42,Jogos!A:N,10,0) -> Afternoon | G42: TQL Stadium | H42: =VLOOKUP(A42,Jogos!A:L,12,0) -> Open | I42: =VLOOKUP(G42,'Estádios e Cidades'!A:B,2,0) -> Cincinnati | J42: FC Bayern Munchen | K42: =VLOOKUP(J42,Equipes!A:F,6,0) -> Temperate | L42: =VLOOKUP(J42,Equipes!A:C,3,0) -> 6 | M42: =if(L42<3,"Final",IF(L42<5,"Semi-final",if(L42<9,"Quarter-final",if(L42<17,"Round of 16","Group")))) -> Quarter-final | N42: Auckland City FC | O42: =VLOOKUP(N42,Equipes!A:C,3,0) -> 27 | P42: =if(O42<3,"Final",IF(O42<5,"Semi-final",if(O42<9,"Quarter-final",if(O42<17,"Round of 16","Group")))) -> Group | Q42: =L42-O42 -> -21 | R42: =VLOOKUP(J42,Equipes!A:B,2,0) -> Bayern | S42: 42-Bayern | T42: 42 | U42: Jamal MUSIALA | V42: =VLOOKUP(U42,Jogadores!B:C,2,0) -> MF | W42: =VLOOKUP(U42,Jogadores!B:D,3,0) -> 22.432877 | X42: 61 | Y42: =45+AB42 -> 95 | Z42: =VLOOKUP(A42,Jogos!A:L,3,0) -> 49 | AA42: =IF(X42<45,if(Y42>=45,Z42-X42,if(Y42<=Z42,Y42-X42,Z42)),0) -> 0 | AB42: =VLOOKUP(A42,Jogos!A:L,4,0) -> 50 | AC42: =IF(X42<45,if(Y42<=45,0,Y42-45),AB42+45-X42) -> 34 | AF42: =AE42+AC42+AA42 -> 34 | AG42: 3808.8 | AH42: 1426.9 | AI42: 1497 | AJ42: 550.1 | AK42: 188.6 | AL42: 146.2 | AM42: 49 | AN42: 17 | AO42: 32 | AP42: =AG42/$AF42 -> 112.02353 | AQ42: =AH42/$AF42 -> 41.967647 | AR42: =AI42/$AF42 -> 44.029412 | AS42: =AQ42+AR42 -> 85.997059 | AT42: =AJ42/$AF42 -> 16.179412 | AU42: =AK42/$AF42 -> 5.5470588 | AV42: =AL42/$AF42 -> 4.3 | AW42: =(AK42+AL42)/AF42 -> 9.8470588 | AX42: =AM42/$AF42 -> 1.4411765 | AY42: =AN42/$AF42 -> 0.5 | AZ42: =VLOOKUP(A42,Jogos!A:BN,58,0) -> 26.09 | BA42: =VLOOKUP(A42,Jogos!A:BN,59,0) -> 21.3 | BB42: =VLOOKUP(A42,Jogos!A:BN,60,0) -> 74.5 | BC42: =VLOOKUP(A42,Jogos!A:BN,61,0) -> 24.475 | BD42: =VLOOKUP(A42,Jogos!A:BN,62,0) -> 547.2 | BE42: =VLOOKUP(A42,Jogos!A:BN,63,0) -> 1.025 | BF42: =VLOOKUP(A42,Jogos!A:BN,64,0) -> 23.575 | BG42: =VLOOKUP(A42,Jogos!A:BN,65,0) -> 41.075 | BH42: =VLOOKUP(A42,Jogos!A:BN,66,0) -> 27.33
A43: 2 | B43: Group C | C43: Group | D43: 45823 | E43: 0.5 | F43: =VLOOKUP(A43,Jogos!A:N,10,0) -> Afternoon | G43: TQL Stadium | H43: =VLOOKUP(A43,Jogos!A:L,12,0) -> Open | I43: =VLOOKUP(G43,'Estádios e Cidades'!A:B,2,0) -> Cincinnati | J43: FC Bayern Munchen | K43: =VLOOKUP(J43,Equipes!A:F,6,0) -> Temperate | L43: =VLOOKUP(J43,Equipes!A:C,3,0) -> 6 | M43: =if(L43<3,"Final",IF(L43<5,"Semi-final",if(L43<9,"Quarter-final",if(L43<17,"Round of 16","Group")))) -> Quarter-final | N43: Auckland City FC | O43: =VLOOKUP(N43,Equipes!A:C,3,0) -> 27 | P43: =if(O43<3,"Final",IF(O43<5,"Semi-final",if(O43<9,"Quarter-final",if(O43<17,"Round of 16","Group")))) -> Group | Q43: =L43-O43 -> -21 | R43: =VLOOKUP(J43,Equipes!A:B,2,0) -> Bayern | S43: 46-Bayern | T43: 46 | U43: Lennart KARL | V43: =VLOOKUP(U43,Jogadores!B:C,2,0) -> MF | W43: =VLOOKUP(U43,Jogadores!B:D,3,0) -> 17.441096 | X43: 45 | Y43: =45+AB43 -> 95 | Z43: =VLOOKUP(A43,Jogos!A:L,3,0) -> 49 | AA43: =IF(X43<45,if(Y43>=45,Z43-X43,if(Y43<=Z43,Y43-X43,Z43)),0) -> 0 | AB43: =VLOOKUP(A43,Jogos!A:L,4,0) -> 50 | AC43: =IF(X43<45,if(Y43<=45,0,Y43-45),AB43+45-X43) -> 50 | AF43: =AE43+AC43+AA43 -> 50 | AG43: 5755.2 | AH43: 2023.7 | AI43: 2494.1 | AJ43: 699.3 | AK43: 356.1 | AL43: 182 | AM43: 68 | AN43: 30 | AO43: 31.2 | AP43: =AG43/$AF43 -> 115.104 | AQ43: =AH43/$AF43 -> 40.474 | AR43: =AI43/$AF43 -> 49.882 | AS43: =AQ43+AR43 -> 90.356 | AT43: =AJ43/$AF43 -> 13.986 | AU43: =AK43/$AF43 -> 7.122 | AV43: =AL43/$AF43 -> 3.64 | AW43: =(AK43+AL43)/AF43 -> 10.762 | AX43: =AM43/$AF43 -> 1.36 | AY43: =AN43/$AF43 -> 0.6 | AZ43: =VLOOKUP(A43,Jogos!A:BN,58,0) -> 26.09 | BA43: =VLOOKUP(A43,Jogos!A:BN,59,0) -> 21.3 | BB43: =VLOOKUP(A43,Jogos!A:BN,60,0) -> 74.5 | BC43: =VLOOKUP(A43,Jogos!A:BN,61,0) -> 24.475 | BD43: =VLOOKUP(A43,Jogos!A:BN,62,0) -> 547.2 | BE43: =VLOOKUP(A43,Jogos!A:BN,63,0) -> 1.025 | BF43: =VLOOKUP(A43,Jogos!A:BN,64,0) -> 23.575 | BG43: =VLOOKUP(A43,Jogos!A:BN,65,0) -> 41.075 | BH43: =VLOOKUP(A43,Jogos!A:BN,66,0) -> 27.33
A44: 2 | B44: Group C | C44: Group | D44: 45823 | E44: 0.5 | F44: =VLOOKUP(A44,Jogos!A:N,10,0) -> Afternoon | G44: TQL Stadium | H44: =VLOOKUP(A44,Jogos!A:L,12,0) -> Open | I44: =VLOOKUP(G44,'Estádios e Cidades'!A:B,2,0) -> Cincinnati | J44: FC Bayern Munchen | K44: =VLOOKUP(J44,Equipes!A:F,6,0) -> Temperate | L44: =VLOOKUP(J44,Equipes!A:C,3,0) -> 6 | M44: =if(L44<3,"Final",IF(L44<5,"Semi-final",if(L44<9,"Quarter-final",if(L44<17,"Round of 16","Group")))) -> Quarter-final | N44: Auckland City FC | O44: =VLOOKUP(N44,Equipes!A:C,3,0) -> 27 | P44: =if(O44<3,"Final",IF(O44<5,"Semi-final",if(O44<9,"Quarter-final",if(O44<17,"Round of 16","Group")))) -> Group | Q44: =L44-O44 -> -21 | R44: =VLOOKUP(J44,Equipes!A:B,2,0) -> Bayern | S44: 49-Bayern | T44: 49 | U44: Adam AZNOU | V44: =VLOOKUP(U44,Jogadores!B:C,2,0) -> DF | W44: =VLOOKUP(U44,Jogadores!B:D,3,0) -> 19.167123 | X44: 82 | Y44: =45+AB44 -> 95 | Z44: =VLOOKUP(A44,Jogos!A:L,3,0) -> 49 | AA44: =IF(X44<45,if(Y44>=45,Z44-X44,if(Y44<=Z44,Y44-X44,Z44)),0) -> 0 | AB44: =VLOOKUP(A44,Jogos!A:L,4,0) -> 50 | AC44: =IF(X44<45,if(Y44<=45,0,Y44-45),AB44+45-X44) -> 13 | AF44: =AE44+AC44+AA44 -> 13 | AG44: 1817.4 | AH44: 566.2 | AI44: 851.8 | AJ44: 263.6 | AK44: 98.9 | AL44: 36.9 | AM44: 27 | AN44: 8 | AO44: 29.2 | AP44: =AG44/$AF44 -> 139.8 | AQ44: =AH44/$AF44 -> 43.553846 | AR44: =AI44/$AF44 -> 65.523077 | AS44: =AQ44+AR44 -> 109.07692 | AT44: =AJ44/$AF44 -> 20.276923 | AU44: =AK44/$AF44 -> 7.6076923 | AV44: =AL44/$AF44 -> 2.8384615 | AW44: =(AK44+AL44)/AF44 -> 10.446154 | AX44: =AM44/$AF44 -> 2.0769231 | AY44: =AN44/$AF44 -> 0.61538462 | AZ44: =VLOOKUP(A44,Jogos!A:BN,58,0) -> 26.09 | BA44: =VLOOKUP(A44,Jogos!A:BN,59,0) -> 21.3 | BB44: =VLOOKUP(A44,Jogos!A:BN,60,0) -> 74.5 | BC44: =VLOOKUP(A44,Jogos!A:BN,61,0) -> 24.475 | BD44: =VLOOKUP(A44,Jogos!A:BN,62,0) -> 547.2 | BE44: =VLOOKUP(A44,Jogos!A:BN,63,0) -> 1.025 | BF44: =VLOOKUP(A44,Jogos!A:BN,64,0) -> 23.575 | BG44: =VLOOKUP(A44,Jogos!A:BN,65,0) -> 41.075 | BH44: =VLOOKUP(A44,Jogos!A:BN,66,0) -> 27.33
A45: 2 | B45: Group C | C45: Group | D45: 45823 | E45: 0.5 | F45: =VLOOKUP(A45,Jogos!A:N,10,0) -> Afternoon | G45: TQL Stadium | H45: =VLOOKUP(A45,Jogos!A:L,12,0) -> Open | I45: =VLOOKUP(G45,'Estádios e Cidades'!A:B,2,0) -> Cincinnati | J45: Auckland City FC | K45: =VLOOKUP(J45,Equipes!A:F,6,0) -> Temperate | L45: =VLOOKUP(J45,Equipes!A:C,3,0) -> 27 | M45: =if(L45<3,"Final",IF(L45<5,"Semi-final",if(L45<9,"Quarter-final",if(L45<17,"Round of 16","Group")))) -> Group | N45: FC Bayern Munchen | O45: =VLOOKUP(N45,Equipes!A:C,3,0) -> 6 | P45: =if(O45<3,"Final",IF(O45<5,"Semi-final",if(O45<9,"Quarter-final",if(O45<17,"Round of 16","Group")))) -> Quarter-final | Q45: =L45-O45 -> 21 | R45: =VLOOKUP(J45,Equipes!A:B,2,0) -> Auckland | S45: 2-Auckland | T45: 2 | U45: Mario ILICH | V45: =VLOOKUP(U45,Jogadores!B:C,2,0) -> DF | W45: =VLOOKUP(U45,Jogadores!B:D,3,0) -> 30.117808 | X45: 0 | Y45: =45+AB45 -> 95 | Z45: =VLOOKUP(A45,Jogos!A:L,3,0) -> 49 | AA45: =IF(X45<45,if(Y45>=45,Z45-X45,if(Y45<=Z45,Y45-X45,Z45)),0) -> 49 | AB45: =VLOOKUP(A45,Jogos!A:L,4,0) -> 50 | AC45: =IF(X45<45,if(Y45<=45,0,Y45-45),AB45+45-X45) -> 50 | AF45: =AE45+AC45+AA45 -> 99 | AG45: 12110.5 | AH45: 3495.2 | AI45: 6263.6 | AJ45: 2079.7 | AK45: 266 | AL45: 5.9 | AM45: 197 | AN45: 23 | AO45: 25.4 | AP45: =AG45/$AF45 -> 122.32828 | AQ45: =AH45/$AF45 -> 35.305051 | AR45: =AI45/$AF45 -> 63.268687 | AS45: =AQ45+AR45 -> 98.573737 | AT45: =AJ45/$AF45 -> 21.007071 | AU45: =AK45/$AF45 -> 2.6868687 | AV45: =AL45/$AF45 -> 0.05959596 | AW45: =(AK45+AL45)/AF45 -> 2.7464646 | AX45: =AM45/$AF45 -> 1.989899 | AY45: =AN45/$AF45 -> 0.23232323 | AZ45: =VLOOKUP(A45,Jogos!A:BN,58,0) -> 26.09 | BA45: =VLOOKUP(A45,Jogos!A:BN,59,0) -> 21.3 | BB45: =VLOOKUP(A45,Jogos!A:BN,60,0) -> 74.5 | BC45: =VLOOKUP(A45,Jogos!A:BN,61,0) -> 24.475 | BD45: =VLOOKUP(A45,Jogos!A:BN,62,0) -> 547.2 | BE45: =VLOOKUP(A45,Jogos!A:BN,63,0) -> 1.025 | BF45: =VLOOKUP(A45,Jogos!A:BN,64,0) -> 23.575 | BG45: =VLOOKUP(A45,Jogos!A:BN,65,0) -> 41.075 | BH45: =VLOOKUP(A45,Jogos!A:BN,66,0) -> 27.33
A46: 2 | B46: Group C | C46: Group | D46: 45823 | E46: 0.5 | F46: =VLOOKUP(A46,Jogos!A:N,10,0) -> Afternoon | G46: TQL Stadium | H46: =VLOOKUP(A46,Jogos!A:L,12,0) -> Open | I46: =VLOOKUP(G46,'Estádios e Cidades'!A:B,2,0) -> Cincinnati | J46: Auckland City FC | K46: =VLOOKUP(J46,Equipes!A:F,6,0) -> Temperate | L46: =VLOOKUP(J46,Equipes!A:C,3,0) -> 27 | M46: =if(L46<3,"Final",IF(L46<5,"Semi-final",if(L46<9,"Quarter-final",if(L46<17,"Round of 16","Group")))) -> Group | N46: FC Bayern Munchen | O46: =VLOOKUP(N46,Equipes!A:C,3,0) -> 6 | P46: =if(O46<3,"Final",IF(O46<5,"Semi-final",if(O46<9,"Quarter-final",if(O46<17,"Round of 16","Group")))) -> Quarter-final | Q46: =L46-O46 -> 21 | R46: =VLOOKUP(J46,Equipes!A:B,2,0) -> Auckland | S46: 3-Auckland | T46: 3 | U46: Adam MITCHELL | V46: =VLOOKUP(U46,Jogadores!B:C,2,0) -> DF | W46: =VLOOKUP(U46,Jogadores!B:D,3,0) -> 29.175342 | X46: 0 | Y46: =45+AB46 -> 95 | Z46: =VLOOKUP(A46,Jogos!A:L,3,0) -> 49 | AA46: =IF(X46<45,if(Y46>=45,Z46-X46,if(Y46<=Z46,Y46-X46,Z46)),0) -> 49 | AB46: =VLOOKUP(A46,Jogos!A:L,4,0) -> 50 | AC46: =IF(X46<45,if(Y46<=45,0,Y46-45),AB46+45-X46) -> 50 | AF46: =AE46+AC46+AA46 -> 99 | AG46: 10063.7 | AH46: 4330.9 | AI46: 4309.7 | AJ46: 1174.4 | AK46: 241.9 | AL46: 6.9 | AM46: 101 | AN46: 19 | AO46: 26.5 | AP46: =AG46/$AF46 -> 101.65354 | AQ46: =AH46/$AF46 -> 43.746465 | AR46: =AI46/$AF46 -> 43.532323 | AS46: =AQ46+AR46 -> 87.278788 | AT46: =AJ46/$AF46 -> 11.862626 | AU46: =AK46/$AF46 -> 2.4434343 | AV46: =AL46/$AF46 -> 0.06969697 | AW46: =(AK46+AL46)/AF46 -> 2.5131313 | AX46: =AM46/$AF46 -> 1.020202 | AY46: =AN46/$AF46 -> 0.19191919 | AZ46: =VLOOKUP(A46,Jogos!A:BN,58,0) -> 26.09 | BA46: =VLOOKUP(A46,Jogos!A:BN,59,0) -> 21.3 | BB46: =VLOOKUP(A46,Jogos!A:BN,60,0) -> 74.5 | BC46: =VLOOKUP(A46,Jogos!A:BN,61,0) -> 24.475 | BD46: =VLOOKUP(A46,Jogos!A:BN,62,0) -> 547.2 | BE46: =VLOOKUP(A46,Jogos!A:BN,63,0) -> 1.025 | BF46: =VLOOKUP(A46,Jogos!A:BN,64,0) -> 23.575 | BG46: =VLOOKUP(A46,Jogos!A:BN,65,0) -> 41.075 | BH46: =VLOOKUP(A46,Jogos!A:BN,66,0) -> 27.33
A47: 2 | B47: Group C | C47: Group | D47: 45823 | E47: 0.5 | F47: =VLOOKUP(A47,Jogos!A:N,10,0) -> Afternoon | G47: TQL Stadium | H47: =VLOOKUP(A47,Jogos!A:L,12,0) -> Open | I47: =VLOOKUP(G47,'Estádios e Cidades'!A:B,2,0) -> Cincinnati | J47: Auckland City FC | K47: =VLOOKUP(J47,Equipes!A:F,6,0) -> Temperate | L47: =VLOOKUP(J47,Equipes!A:C,3,0) -> 27 | M47: =if(L47<3,"Final",IF(L47<5,"Semi-final",if(L47<9,"Quarter-final",if(L47<17,"Round of 16","Group")))) -> Group | N47: FC Bayern Munchen | O47: =VLOOKUP(N47,Equipes!A:C,3,0) -> 6 | P47: =if(O47<3,"Final",IF(O47<5,"Semi-final",if(O47<9,"Quarter-final",if(O47<17,"Round of 16","Group")))) -> Quarter-final | Q47: =L47-O47 -> 21 | R47: =VLOOKUP(J47,Equipes!A:B,2,0) -> Auckland | S47: 5-Auckland | T47: 5 | U47: Nikko BOXALL | V47: =VLOOKUP(U47,Jogadores!B:C,2,0) -> DF | W47: =VLOOKUP(U47,Jogadores!B:D,3,0) -> 33.446575 | X47: 0 | Y47: =45+AB47 -> 95 | Z47: =VLOOKUP(A47,Jogos!A:L,3,0) -> 49 | AA47: =IF(X47<45,if(Y47>=45,Z47-X47,if(Y47<=Z47,Y47-X47,Z47)),0) -> 49 | AB47: =VLOOKUP(A47,Jogos!A:L,4,0) -> 50 | AC47: =IF(X47<45,if(Y47<=45,0,Y47-45),AB47+45-X47) -> 50 | AF47: =AE47+AC47+AA47 -> 99 | AG47: 8919.8 | AH47: 3852.2 | AI47: 4061.3 | AJ47: 846.9 | AK47: 149.9 | AL47: 9.5 | AM47: 70 | AN47: 12 | AO47: 28.1 | AP47: =AG47/$AF47 -> 90.09899 | AQ47: =AH47/$AF47 -> 38.911111 | AR47: =AI47/$AF47 -> 41.023232 | AS47: =AQ47+AR47 -> 79.934343 | AT47: =AJ47/$AF47 -> 8.5545455 | AU47: =AK47/$AF47 -> 1.5141414 | AV47: =AL47/$AF47 -> 0.095959596 | AW47: =(AK47+AL47)/AF47 -> 1.610101 | AX47: =AM47/$AF47 -> 0.70707071 | AY47: =AN47/$AF47 -> 0.12121212 | AZ47: =VLOOKUP(A47,Jogos!A:BN,58,0) -> 26.09 | BA47: =VLOOKUP(A47,Jogos!A:BN,59,0) -> 21.3 | BB47: =VLOOKUP(A47,Jogos!A:BN,60,0) -> 74.5 | BC47: =VLOOKUP(A47,Jogos!A:BN,61,0) -> 24.475 | BD47: =VLOOKUP(A47,Jogos!A:BN,62,0) -> 547.2 | BE47: =VLOOKUP(A47,Jogos!A:BN,63,0) -> 1.025 | BF47: =VLOOKUP(A47,Jogos!A:BN,64,0) -> 23.575 | BG47: =VLOOKUP(A47,Jogos!A:BN,65,0) -> 41.075 | BH47: =VLOOKUP(A47,Jogos!A:BN,66,0) -> 27.33
A48: 2 | B48: Group C | C48: Group | D48: 45823 | E48: 0.5 | F48: =VLOOKUP(A48,Jogos!A:N,10,0) -> Afternoon | G48: TQL Stadium | H48: =VLOOKUP(A48,Jogos!A:L,12,0) -> Open | I48: =VLOOKUP(G48,'Estádios e Cidades'!A:B,2,0) -> Cincinnati | J48: Auckland City FC | K48: =VLOOKUP(J48,Equipes!A:F,6,0) -> Temperate | L48: =VLOOKUP(J48,Equipes!A:C,3,0) -> 27 | M48: =if(L48<3,"Final",IF(L48<5,"Semi-final",if(L48<9,"Quarter-final",if(L48<17,"Round of 16","Group")))) -> Group | N48: FC Bayern Munchen | O48: =VLOOKUP(N48,Equipes!A:C,3,0) -> 6 | P48: =if(O48<3,"Final",IF(O48<5,"Semi-final",if(O48<9,"Quarter-final",if(O48<17,"Round of 16","Group")))) -> Quarter-final | Q48: =L48-O48 -> 21 | R48: =VLOOKUP(J48,Equipes!A:B,2,0) -> Auckland | S48: 7-Auckland | T48: 7 | U48: Myer BEVAN | V48: =VLOOKUP(U48,Jogadores!B:C,2,0) -> FW | W48: =VLOOKUP(U48,Jogadores!B:D,3,0) -> 28.282192 | X48: 0 | Y48: =45+AB48 -> 95 | Z48: =VLOOKUP(A48,Jogos!A:L,3,0) -> 49 | AA48: =IF(X48<45,if(Y48>=45,Z48-X48,if(Y48<=Z48,Y48-X48,Z48)),0) -> 49 | AB48: =VLOOKUP(A48,Jogos!A:L,4,0) -> 50 | AC48: =IF(X48<45,if(Y48<=45,0,Y48-45),AB48+45-X48) -> 50 | AF48: =AE48+AC48+AA48 -> 99 | AG48: 11608.8 | AH48: 4300.9 | AI48: 5050.5 | AJ48: 1505.3 | AK48: 618.9 | AL48: 133.3 | AM48: 118 | AN48: 49 | AO48: 32.4 | AP48: =AG48/$AF48 -> 117.26061 | AQ48: =AH48/$AF48 -> 43.443434 | AR48: =AI48/$AF48 -> 51.015152 | AS48: =AQ48+AR48 -> 94.458586 | AT48: =AJ48/$AF48 -> 15.205051 | AU48: =AK48/$AF48 -> 6.2515152 | AV48: =AL48/$AF48 -> 1.3464646 | AW48: =(AK48+AL48)/AF48 -> 7.5979798 | AX48: =AM48/$AF48 -> 1.1919192 | AY48: =AN48/$AF48 -> 0.49494949 | AZ48: =VLOOKUP(A48,Jogos!A:BN,58,0) -> 26.09 | BA48: =VLOOKUP(A48,Jogos!A:BN,59,0) -> 21.3 | BB48: =VLOOKUP(A48,Jogos!A:BN,60,0) -> 74.5 | BC48: =VLOOKUP(A48,Jogos!A:BN,61,0) -> 24.475 | BD48: =VLOOKUP(A48,Jogos!A:BN,62,0) -> 547.2 | BE48: =VLOOKUP(A48,Jogos!A:BN,63,0) -> 1.025 | BF48: =VLOOKUP(A48,Jogos!A:BN,64,0) -> 23.575 | BG48: =VLOOKUP(A48,Jogos!A:BN,65,0) -> 41.075 | BH48: =VLOOKUP(A48,Jogos!A:BN,66,0) -> 27.33
A49: 2 | B49: Group C | C49: Group | D49: 45823 | E49: 0.5 | F49: =VLOOKUP(A49,Jogos!A:N,10,0) -> Afternoon | G49: TQL Stadium | H49: =VLOOKUP(A49,Jogos!A:L,12,0) -> Open | I49: =VLOOKUP(G49,'Estádios e Cidades'!A:B,2,0) -> Cincinnati | J49: Auckland City FC | K49: =VLOOKUP(J49,Equipes!A:F,6,0) -> Temperate | L49: =VLOOKUP(J49,Equipes!A:C,3,0) -> 27 | M49: =if(L49<3,"Final",IF(L49<5,"Semi-final",if(L49<9,"Quarter-final",if(L49<17,"Round of 16","Group")))) -> Group | N49: FC Bayern Munchen | O49: =VLOOKUP(N49,Equipes!A:C,3,0) -> 6 | P49: =if(O49<3,"Final",IF(O49<5,"Semi-final",if(O49<9,"Quarter-final",if(O49<17,"Round of 16","Group")))) -> Quarter-final | Q49: =L49-O49 -> 21 | R49: =VLOOKUP(J49,Equipes!A:B,2,0) -> Auckland | S49: 8-Auckland | T49: 8 | U49: Gerard GARRIGA | V49: =VLOOKUP(U49,Jogadores!B:C,2,0) -> MF | W49: =VLOOKUP(U49,Jogadores!B:D,3,0) -> 32.189041 | X49: 0 | Y49: 66 | Z49: =VLOOKUP(A49,Jogos!A:L,3,0) -> 49 | AA49: =IF(X49<45,if(Y49>=45,Z49-X49,if(Y49<=Z49,Y49-X49,Z49)),0) -> 49 | AB49: =VLOOKUP(A49,Jogos!A:L,4,0) -> 50 | AC49: =IF(X49<45,if(Y49<=45,0,Y49-45),AB49+45-X49) -> 21 | AF49: =AE49+AC49+AA49 -> 70 | AG49: 9312.2 | AH49: 2369.7 | AI49: 4957.2 | AJ49: 1671.5 | AK49: 287.5 | AL49: 26.3 | AM49: 154 | AN49: 24 | AO49: 26.7 | AP49: =AG49/$AF49 -> 133.03143 | AQ49: =AH49/$AF49 -> 33.852857 | AR49: =AI49/$AF49 -> 70.817143 | AS49: =AQ49+AR49 -> 104.67 | AT49: =AJ49/$AF49 -> 23.878571 | AU49: =AK49/$AF49 -> 4.1071429 | AV49: =AL49/$AF49 -> 0.37571429 | AW49: =(AK49+AL49)/AF49 -> 4.4828571 | AX49: =AM49/$AF49 -> 2.2 | AY49: =AN49/$AF49 -> 0.34285714 | AZ49: =VLOOKUP(A49,Jogos!A:BN,58,0) -> 26.09 | BA49: =VLOOKUP(A49,Jogos!A:BN,59,0) -> 21.3 | BB49: =VLOOKUP(A49,Jogos!A:BN,60,0) -> 74.5 | BC49: =VLOOKUP(A49,Jogos!A:BN,61,0) -> 24.475 | BD49: =VLOOKUP(A49,Jogos!A:BN,62,0) -> 547.2 | BE49: =VLOOKUP(A49,Jogos!A:BN,63,0) -> 1.025 | BF49: =VLOOKUP(A49,Jogos!A:BN,64,0) -> 23.575 | BG49: =VLOOKUP(A49,Jogos!A:BN,65,0) -> 41.075 | BH49: =VLOOKUP(A49,Jogos!A:BN,66,0) -> 27.33
A50: 2 | B50: Group C | C50: Group | D50: 45823 | E50: 0.5 | F50: =VLOOKUP(A50,Jogos!A:N,10,0) -> Afternoon | G50: TQL Stadium | H50: =VLOOKUP(A50,Jogos!A:L,12,0) -> Open | I50: =VLOOKUP(G50,'Estádios e Cidades'!A:B,2,0) -> Cincinnati | J50: Auckland City FC | K50: =VLOOKUP(J50,Equipes!A:F,6,0) -> Temperate | L50: =VLOOKUP(J50,Equipes!A:C,3,0) -> 27 | M50: =if(L50<3,"Final",IF(L50<5,"Semi-final",if(L50<9,"Quarter-final",if(L50<17,"Round of 16","Group")))) -> Group | N50: FC Bayern Munchen | O50: =VLOOKUP(N50,Equipes!A:C,3,0) -> 6 | P50: =if(O50<3,"Final",IF(O50<5,"Semi-final",if(O50<9,"Quarter-final",if(O50<17,"Round of 16","Group")))) -> Quarter-final | Q50: =L50-O50 -> 21 | R50: =VLOOKUP(J50,Equipes!A:B,2,0) -> Auckland | S50: 10-Auckland | T50: 10 | U50: Dylan MANICKUM | V50: =VLOOKUP(U50,Jogadores!B:C,2,0) -> FW | W50: =VLOOKUP(U50,Jogadores!B:D,3,0) -> 33.136986 | X50: 0 | Y50: 71 | Z50: =VLOOKUP(A50,Jogos!A:L,3,0) -> 49 | AA50: =IF(X50<45,if(Y50>=45,Z50-X50,if(Y50<=Z50,Y50-X50,Z50)),0) -> 49 | AB50: =VLOOKUP(A50,Jogos!A:L,4,0) -> 50 | AC50: =IF(X50<45,if(Y50<=45,0,Y50-45),AB50+45-X50) -> 26 | AF50: =AE50+AC50+AA50 -> 75 | AG50: 9127.4 | AH50: 2755.1 | AI50: 4005.7 | AJ50: 1697.2 | AK50: 467.9 | AL50: 201.5 | AM50: 154 | AN50: 38 | AO50: 30.4 | AP50: =AG50/$AF50 -> 121.69867 | AQ50: =AH50/$AF50 -> 36.734667 | AR50: =AI50/$AF50 -> 53.409333 | AS50: =AQ50+AR50 -> 90.144 | AT50: =AJ50/$AF50 -> 22.629333 | AU50: =AK50/$AF50 -> 6.2386667 | AV50: =AL50/$AF50 -> 2.6866667 | AW50: =(AK50+AL50)/AF50 -> 8.9253333 | AX50: =AM50/$AF50 -> 2.0533333 | AY50: =AN50/$AF50 -> 0.50666667 | AZ50: =VLOOKUP(A50,Jogos!A:BN,58,0) -> 26.09 | BA50: =VLOOKUP(A50,Jogos!A:BN,59,0) -> 21.3 | BB50: =VLOOKUP(A50,Jogos!A:BN,60,0) -> 74.5 | BC50: =VLOOKUP(A50,Jogos!A:BN,61,0) -> 24.475 | BD50: =VLOOKUP(A50,Jogos!A:BN,62,0) -> 547.2 | BE50: =VLOOKUP(A50,Jogos!A:BN,63,0) -> 1.025 | BF50: =VLOOKUP(A50,Jogos!A:BN,64,0) -> 23.575 | BG50: =VLOOKUP(A50,Jogos!A:BN,65,0) -> 41.075 | BH50: =VLOOKUP(A50,Jogos!A:BN,66,0) -> 27.33
A51: 2 | B51: Group C | C51: Group | D51: 45823 | E51: 0.5 | F51: =VLOOKUP(A51,Jogos!A:N,10,0) -> Afternoon | G51: TQL Stadium | H51: =VLOOKUP(A51,Jogos!A:L,12,0) -> Open | I51: =VLOOKUP(G51,'Estádios e Cidades'!A:B,2,0) -> Cincinnati | J51: Auckland City FC | K51: =VLOOKUP(J51,Equipes!A:F,6,0) -> Temperate | L51: =VLOOKUP(J51,Equipes!A:C,3,0) -> 27 | M51: =if(L51<3,"Final",IF(L51<5,"Semi-final",if(L51<9,"Quarter-final",if(L51<17,"Round of 16","Group")))) -> Group | N51: FC Bayern Munchen | O51: =VLOOKUP(N51,Equipes!A:C,3,0) -> 6 | P51: =if(O51<3,"Final",IF(O51<5,"Semi-final",if(O51<9,"Quarter-final",if(O51<17,"Round of 16","Group")))) -> Quarter-final | Q51: =L51-O51 -> 21 | R51: =VLOOKUP(J51,Equipes!A:B,2,0) -> Auckland | S51: 12-Auckland | T51: 12 | U51: Regont MURATI | V51: =VLOOKUP(U51,Jogadores!B:C,2,0) -> DF | W51: =VLOOKUP(U51,Jogadores!B:D,3,0) -> 29.224658 | X51: 0 | Y51: =45+AB51 -> 95 | Z51: =VLOOKUP(A51,Jogos!A:L,3,0) -> 49 | AA51: =IF(X51<45,if(Y51>=45,Z51-X51,if(Y51<=Z51,Y51-X51,Z51)),0) -> 49 | AB51: =VLOOKUP(A51,Jogos!A:L,4,0) -> 50 | AC51: =IF(X51<45,if(Y51<=45,0,Y51-45),AB51+45-X51) -> 50 | AF51: =AE51+AC51+AA51 -> 99 | AG51: 10440.1 | AH51: 4465.2 | AI51: 4210 | AJ51: 1135.8 | AK51: 501.7 | AL51: 127.4 | AM51: 100 | AN51: 40 | AO51: 28.8 | AP51: =AG51/$AF51 -> 105.45556 | AQ51: =AH51/$AF51 -> 45.10303 | AR51: =AI51/$AF51 -> 42.525253 | AS51: =AQ51+AR51 -> 87.628283 | AT51: =AJ51/$AF51 -> 11.472727 | AU51: =AK51/$AF51 -> 5.0676768 | AV51: =AL51/$AF51 -> 1.2868687 | AW51: =(AK51+AL51)/AF51 -> 6.3545455 | AX51: =AM51/$AF51 -> 1.010101 | AY51: =AN51/$AF51 -> 0.4040404 | AZ51: =VLOOKUP(A51,Jogos!A:BN,58,0) -> 26.09 | BA51: =VLOOKUP(A51,Jogos!A:BN,59,0) -> 21.3 | BB51: =VLOOKUP(A51,Jogos!A:BN,60,0) -> 74.5 | BC51: =VLOOKUP(A51,Jogos!A:BN,61,0) -> 24.475 | BD51: =VLOOKUP(A51,Jogos!A:BN,62,0) -> 547.2 | BE51: =VLOOKUP(A51,Jogos!A:BN,63,0) -> 1.025 | BF51: =VLOOKUP(A51,Jogos!A:BN,64,0) -> 23.575 | BG51: =VLOOKUP(A51,Jogos!A:BN,65,0) -> 41.075 | BH51: =VLOOKUP(A51,Jogos!A:BN,66,0) -> 27.33
A52: 2 | B52: Group C | C52: Group | D52: 45823 | E52: 0.5 | F52: =VLOOKUP(A52,Jogos!A:N,10,0) -> Afternoon | G52: TQL Stadium | H52: =VLOOKUP(A52,Jogos!A:L,12,0) -> Open | I52: =VLOOKUP(G52,'Estádios e Cidades'!A:B,2,0) -> Cincinnati | J52: Auckland City FC | K52: =VLOOKUP(J52,Equipes!A:F,6,0) -> Temperate | L52: =VLOOKUP(J52,Equipes!A:C,3,0) -> 27 | M52: =if(L52<3,"Final",IF(L52<5,"Semi-final",if(L52<9,"Quarter-final",if(L52<17,"Round of 16","Group")))) -> Group | N52: FC Bayern Munchen | O52: =VLOOKUP(N52,Equipes!A:C,3,0) -> 6 | P52: =if(O52<3,"Final",IF(O52<5,"Semi-final",if(O52<9,"Quarter-final",if(O52<17,"Round of 16","Group")))) -> Quarter-final | Q52: =L52-O52 -> 21 | R52: =VLOOKUP(J52,Equipes!A:B,2,0) -> Auckland | S52: 13-Auckland | T52: 13 | U52: Nathan LOBO | V52: =VLOOKUP(U52,Jogadores!B:C,2,0) -> DF | W52: =VLOOKUP(U52,Jogadores!B:D,3,0) -> 22.630137 | X52: 0 | Y52: 66 | Z52: =VLOOKUP(A52,Jogos!A:L,3,0) -> 49 | AA52: =IF(X52<45,if(Y52>=45,Z52-X52,if(Y52<=Z52,Y52-X52,Z52)),0) -> 49 | AB52: =VLOOKUP(A52,Jogos!A:L,4,0) -> 50 | AC52: =IF(X52<45,if(Y52<=45,0,Y52-45),AB52+45-X52) -> 21 | AF52: =AE52+AC52+AA52 -> 70 | AG52: 7866.2 | AH52: 2979.3 | AI52: 3420.8 | AJ52: 933.4 | AK52: 384.8 | AL52: 147.8 | AM52: 73 | AN52: 30 | AO52: 30 | AP52: =AG52/$AF52 -> 112.37429 | AQ52: =AH52/$AF52 -> 42.561429 | AR52: =AI52/$AF52 -> 48.868571 | AS52: =AQ52+AR52 -> 91.43 | AT52: =AJ52/$AF52 -> 13.334286 | AU52: =AK52/$AF52 -> 5.4971429 | AV52: =AL52/$AF52 -> 2.1114286 | AW52: =(AK52+AL52)/AF52 -> 7.6085714 | AX52: =AM52/$AF52 -> 1.0428571 | AY52: =AN52/$AF52 -> 0.42857143 | AZ52: =VLOOKUP(A52,Jogos!A:BN,58,0) -> 26.09 | BA52: =VLOOKUP(A52,Jogos!A:BN,59,0) -> 21.3 | BB52: =VLOOKUP(A52,Jogos!A:BN,60,0) -> 74.5 | BC52: =VLOOKUP(A52,Jogos!A:BN,61,0) -> 24.475 | BD52: =VLOOKUP(A52,Jogos!A:BN,62,0) -> 547.2 | BE52: =VLOOKUP(A52,Jogos!A:BN,63,0) -> 1.025 | BF52: =VLOOKUP(A52,Jogos!A:BN,64,0) -> 23.575 | BG52: =VLOOKUP(A52,Jogos!A:BN,65,0) -> 41.075 | BH52: =VLOOKUP(A52,Jogos!A:BN,66,0) -> 27.33
A53: 2 | B53: Group C | C53: Group | D53: 45823 | E53: 0.5 | F53: =VLOOKUP(A53,Jogos!A:N,10,0) -> Afternoon | G53: TQL Stadium | H53: =VLOOKUP(A53,Jogos!A:L,12,0) -> Open | I53: =VLOOKUP(G53,'Estádios e Cidades'!A:B,2,0) -> Cincinnati | J53: Auckland City FC | K53: =VLOOKUP(J53,Equipes!A:F,6,0) -> Temperate | L53: =VLOOKUP(J53,Equipes!A:C,3,0) -> 27 | M53: =if(L53<3,"Final",IF(L53<5,"Semi-final",if(L53<9,"Quarter-final",if(L53<17,"Round of 16","Group")))) -> Group | N53: FC Bayern Munchen | O53: =VLOOKUP(N53,Equipes!A:C,3,0) -> 6 | P53: =if(O53<3,"Final",IF(O53<5,"Semi-final",if(O53<9,"Quarter-final",if(O53<17,"Round of 16","Group")))) -> Quarter-final | Q53: =L53-O53 -> 21 | R53: =VLOOKUP(J53,Equipes!A:B,2,0) -> Auckland | S53: 25-Auckland | T53: 25 | U53: Michael DEN HEIJER | V53: =VLOOKUP(U53,Jogadores!B:C,2,0) -> MF | W53: =VLOOKUP(U53,Jogadores!B:D,3,0) -> 29.306849 | X53: 0 | Y53: 82 | Z53: =VLOOKUP(A53,Jogos!A:L,3,0) -> 49 | AA53: =IF(X53<45,if(Y53>=45,Z53-X53,if(Y53<=Z53,Y53-X53,Z53)),0) -> 49 | AB53: =VLOOKUP(A53,Jogos!A:L,4,0) -> 50 | AC53: =IF(X53<45,if(Y53<=45,0,Y53-45),AB53+45-X53) -> 37 | AF53: =AE53+AC53+AA53 -> 86 | AG53: 7910.4 | AH53: 3984.6 | AI53: 3243.4 | AJ53: 511.7 | AK53: 156.4 | AL53: 14.3 | AM53: 50 | AN53: 12 | AO53: 26.9 | AP53: =AG53/$AF53 -> 91.981395 | AQ53: =AH53/$AF53 -> 46.332558 | AR53: =AI53/$AF53 -> 37.713953 | AS53: =AQ53+AR53 -> 84.046512 | AT53: =AJ53/$AF53 -> 5.95 | AU53: =AK53/$AF53 -> 1.8186047 | AV53: =AL53/$AF53 -> 0.16627907 | AW53: =(AK53+AL53)/AF53 -> 1.9848837 | AX53: =AM53/$AF53 -> 0.58139535 | AY53: =AN53/$AF53 -> 0.13953488 | AZ53: =VLOOKUP(A53,Jogos!A:BN,58,0) -> 26.09 | BA53: =VLOOKUP(A53,Jogos!A:BN,59,0) -> 21.3 | BB53: =VLOOKUP(A53,Jogos!A:BN,60,0) -> 74.5 | BC53: =VLOOKUP(A53,Jogos!A:BN,61,0) -> 24.475 | BD53: =VLOOKUP(A53,Jogos!A:BN,62,0) -> 547.2 | BE53: =VLOOKUP(A53,Jogos!A:BN,63,0) -> 1.025 | BF53: =VLOOKUP(A53,Jogos!A:BN,64,0) -> 23.575 | BG53: =VLOOKUP(A53,Jogos!A:BN,65,0) -> 41.075 | BH53: =VLOOKUP(A53,Jogos!A:BN,66,0) -> 27.33
A54: 2 | B54: Group C | C54: Group | D54: 45823 | E54: 0.5 | F54: =VLOOKUP(A54,Jogos!A:N,10,0) -> Afternoon | G54: TQL Stadium | H54: =VLOOKUP(A54,Jogos!A:L,12,0) -> Open | I54: =VLOOKUP(G54,'Estádios e Cidades'!A:B,2,0) -> Cincinnati | J54: Auckland City FC | K54: =VLOOKUP(J54,Equipes!A:F,6,0) -> Temperate | L54: =VLOOKUP(J54,Equipes!A:C,3,0) -> 27 | M54: =if(L54<3,"Final",IF(L54<5,"Semi-final",if(L54<9,"Quarter-final",if(L54<17,"Round of 16","Group")))) -> Group | N54: FC Bayern Munchen | O54: =VLOOKUP(N54,Equipes!A:C,3,0) -> 6 | P54: =if(O54<3,"Final",IF(O54<5,"Semi-final",if(O54<9,"Quarter-final",if(O54<17,"Round of 16","Group")))) -> Quarter-final | Q54: =L54-O54 -> 21 | R54: =VLOOKUP(J54,Equipes!A:B,2,0) -> Auckland | S54: 26-Auckland | T54: 26 | U54: David YOO | V54: =VLOOKUP(U54,Jogadores!B:C,2,0) -> FW | W54: =VLOOKUP(U54,Jogadores!B:D,3,0) -> 25.657534 | X54: 0 | Y54: 71 | Z54: =VLOOKUP(A54,Jogos!A:L,3,0) -> 49 | AA54: =IF(X54<45,if(Y54>=45,Z54-X54,if(Y54<=Z54,Y54-X54,Z54)),0) -> 49 | AB54: =VLOOKUP(A54,Jogos!A:L,4,0) -> 50 | AC54: =IF(X54<45,if(Y54<=45,0,Y54-45),AB54+45-X54) -> 26 | AF54: =AE54+AC54+AA54 -> 75 | AG54: 9277.6 | AH54: 2743.5 | AI54: 4611.4 | AJ54: 1254.3 | AK54: 607 | AL54: 61.4 | AM54: 120 | AN54: 47 | AO54: 28.6 | AP54: =AG54/$AF54 -> 123.70133 | AQ54: =AH54/$AF54 -> 36.58 | AR54: =AI54/$AF54 -> 61.485333 | AS54: =AQ54+AR54 -> 98.065333 | AT54: =AJ54/$AF54 -> 16.724 | AU54: =AK54/$AF54 -> 8.0933333 | AV54: =AL54/$AF54 -> 0.81866667 | AW54: =(AK54+AL54)/AF54 -> 8.912 | AX54: =AM54/$AF54 -> 1.6 | AY54: =AN54/$AF54 -> 0.62666667 | AZ54: =VLOOKUP(A54,Jogos!A:BN,58,0) -> 26.09 | BA54: =VLOOKUP(A54,Jogos!A:BN,59,0) -> 21.3 | BB54: =VLOOKUP(A54,Jogos!A:BN,60,0) -> 74.5 | BC54: =VLOOKUP(A54,Jogos!A:BN,61,0) -> 24.475 | BD54: =VLOOKUP(A54,Jogos!A:BN,62,0) -> 547.2 | BE54: =VLOOKUP(A54,Jogos!A:BN,63,0) -> 1.025 | BF54: =VLOOKUP(A54,Jogos!A:BN,64,0) -> 23.575 | BG54: =VLOOKUP(A54,Jogos!A:BN,65,0) -> 41.075 | BH54: =VLOOKUP(A54,Jogos!A:BN,66,0) -> 27.33
A55: 2 | B55: Group C | C55: Group | D55: 45823 | E55: 0.5 | F55: =VLOOKUP(A55,Jogos!A:N,10,0) -> Afternoon | G55: TQL Stadium | H55: =VLOOKUP(A55,Jogos!A:L,12,0) -> Open | I55: =VLOOKUP(G55,'Estádios e Cidades'!A:B,2,0) -> Cincinnati | J55: Auckland City FC | K55: =VLOOKUP(J55,Equipes!A:F,6,0) -> Temperate | L55: =VLOOKUP(J55,Equipes!A:C,3,0) -> 27 | M55: =if(L55<3,"Final",IF(L55<5,"Semi-final",if(L55<9,"Quarter-final",if(L55<17,"Round of 16","Group")))) -> Group | N55: FC Bayern Munchen | O55: =VLOOKUP(N55,Equipes!A:C,3,0) -> 6 | P55: =if(O55<3,"Final",IF(O55<5,"Semi-final",if(O55<9,"Quarter-final",if(O55<17,"Round of 16","Group")))) -> Quarter-final | Q55: =L55-O55 -> 21 | R55: =VLOOKUP(J55,Equipes!A:B,2,0) -> Auckland | S55: 9-Auckland | T55: 9 | U55: Angus KILKOLLY | V55: =VLOOKUP(U55,Jogadores!B:C,2,0) -> FW | W55: =VLOOKUP(U55,Jogadores!B:D,3,0) -> 29.29589 | X55: 71 | Y55: =45+AB55 -> 95 | Z55: =VLOOKUP(A55,Jogos!A:L,3,0) -> 49 | AA55: =IF(X55<45,if(Y55>=45,Z55-X55,if(Y55<=Z55,Y55-X55,Z55)),0) -> 0 | AB55: =VLOOKUP(A55,Jogos!A:L,4,0) -> 50 | AC55: =IF(X55<45,if(Y55<=45,0,Y55-45),AB55+45-X55) -> 24 | AF55: =AE55+AC55+AA55 -> 24 | AG55: 3017.3 | AH55: 930.9 | AI55: 1315 | AJ55: 433.7 | AK55: 214.5 | AL55: 123.3 | AM55: 43 | AN55: 17 | AO55: 30 | AP55: =AG55/$AF55 -> 125.72083 | AQ55: =AH55/$AF55 -> 38.7875 | AR55: =AI55/$AF55 -> 54.791667 | AS55: =AQ55+AR55 -> 93.579167 | AT55: =AJ55/$AF55 -> 18.070833 | AU55: =AK55/$AF55 -> 8.9375 | AV55: =AL55/$AF55 -> 5.1375 | AW55: =(AK55+AL55)/AF55 -> 14.075 | AX55: =AM55/$AF55 -> 1.7916667 | AY55: =AN55/$AF55 -> 0.70833333 | AZ55: =VLOOKUP(A55,Jogos!A:BN,58,0) -> 26.09 | BA55: =VLOOKUP(A55,Jogos!A:BN,59,0) -> 21.3 | BB55: =VLOOKUP(A55,Jogos!A:BN,60,0) -> 74.5 | BC55: =VLOOKUP(A55,Jogos!A:BN,61,0) -> 24.475 | BD55: =VLOOKUP(A55,Jogos!A:BN,62,0) -> 547.2 | BE55: =VLOOKUP(A55,Jogos!A:BN,63,0) -> 1.025 | BF55: =VLOOKUP(A55,Jogos!A:BN,64,0) -> 23.575 | BG55: =VLOOKUP(A55,Jogos!A:BN,65,0) -> 41.075 | BH55: =VLOOKUP(A55,Jogos!A:BN,66,0) -> 27.33
A56: 2 | B56: Group C | C56: Group | D56: 45823 | E56: 0.5 | F56: =VLOOKUP(A56,Jogos!A:N,10,0) -> Afternoon | G56: TQL Stadium | H56: =VLOOKUP(A56,Jogos!A:L,12,0) -> Open | I56: =VLOOKUP(G56,'Estádios e Cidades'!A:B,2,0) -> Cincinnati | J56: Auckland City FC | K56: =VLOOKUP(J56,Equipes!A:F,6,0) -> Temperate | L56: =VLOOKUP(J56,Equipes!A:C,3,0) -> 27 | M56: =if(L56<3,"Final",IF(L56<5,"Semi-final",if(L56<9,"Quarter-final",if(L56<17,"Round of 16","Group")))) -> Group | N56: FC Bayern Munchen | O56: =VLOOKUP(N56,Equipes!A:C,3,0) -> 6 | P56: =if(O56<3,"Final",IF(O56<5,"Semi-final",if(O56<9,"Quarter-final",if(O56<17,"Round of 16","Group")))) -> Quarter-final | Q56: =L56-O56 -> 21 | R56: =VLOOKUP(J56,Equipes!A:B,2,0) -> Auckland | S56: 11-Auckland | T56: 11 | U56: Ryan DE VRIES | V56: =VLOOKUP(U56,Jogadores!B:C,2,0) -> FW | W56: =VLOOKUP(U56,Jogadores!B:D,3,0) -> 33.893151 | X56: 71 | Y56: =45+AB56 -> 95 | Z56: =VLOOKUP(A56,Jogos!A:L,3,0) -> 49 | AA56: =IF(X56<45,if(Y56>=45,Z56-X56,if(Y56<=Z56,Y56-X56,Z56)),0) -> 0 | AB56: =VLOOKUP(A56,Jogos!A:L,4,0) -> 50 | AC56: =IF(X56<45,if(Y56<=45,0,Y56-45),AB56+45-X56) -> 24 | AF56: =AE56+AC56+AA56 -> 24 | AG56: 2852.4 | AH56: 924.2 | AI56: 1369.5 | AJ56: 350.4 | AK56: 164 | AL56: 44.5 | AM56: 23 | AN56: 10 | AO56: 32.2 | AP56: =AG56/$AF56 -> 118.85 | AQ56: =AH56/$AF56 -> 38.508333 | AR56: =AI56/$AF56 -> 57.0625 | AS56: =AQ56+AR56 -> 95.570833 | AT56: =AJ56/$AF56 -> 14.6 | AU56: =AK56/$AF56 -> 6.8333333 | AV56: =AL56/$AF56 -> 1.8541667 | AW56: =(AK56+AL56)/AF56 -> 8.6875 | AX56: =AM56/$AF56 -> 0.95833333 | AY56: =AN56/$AF56 -> 0.41666667 | AZ56: =VLOOKUP(A56,Jogos!A:BN,58,0) -> 26.09 | BA56: =VLOOKUP(A56,Jogos!A:BN,59,0) -> 21.3 | BB56: =VLOOKUP(A56,Jogos!A:BN,60,0) -> 74.5 | BC56: =VLOOKUP(A56,Jogos!A:BN,61,0) -> 24.475 | BD56: =VLOOKUP(A56,Jogos!A:BN,62,0) -> 547.2 | BE56: =VLOOKUP(A56,Jogos!A:BN,63,0) -> 1.025 | BF56: =VLOOKUP(A56,Jogos!A:BN,64,0) -> 23.575 | BG56: =VLOOKUP(A56,Jogos!A:BN,65,0) -> 41.075 | BH56: =VLOOKUP(A56,Jogos!A:BN,66,0) -> 27.33
A57: 2 | B57: Group C | C57: Group | D57: 45823 | E57: 0.5 | F57: =VLOOKUP(A57,Jogos!A:N,10,0) -> Afternoon | G57: TQL Stadium | H57: =VLOOKUP(A57,Jogos!A:L,12,0) -> Open | I57: =VLOOKUP(G57,'Estádios e Cidades'!A:B,2,0) -> Cincinnati | J57: Auckland City FC | K57: =VLOOKUP(J57,Equipes!A:F,6,0) -> Temperate | L57: =VLOOKUP(J57,Equipes!A:C,3,0) -> 27 | M57: =if(L57<3,"Final",IF(L57<5,"Semi-final",if(L57<9,"Quarter-final",if(L57<17,"Round of 16","Group")))) -> Group | N57: FC Bayern Munchen | O57: =VLOOKUP(N57,Equipes!A:C,3,0) -> 6 | P57: =if(O57<3,"Final",IF(O57<5,"Semi-final",if(O57<9,"Quarter-final",if(O57<17,"Round of 16","Group")))) -> Quarter-final | Q57: =L57-O57 -> 21 | R57: =VLOOKUP(J57,Equipes!A:B,2,0) -> Auckland | S57: 17-Auckland | T57: 17 | U57: Jerson LAGOS | V57: =VLOOKUP(U57,Jogadores!B:C,2,0) -> FW | W57: =VLOOKUP(U57,Jogadores!B:D,3,0) -> 23.561644 | X57: 66 | Y57: =45+AB57 -> 95 | Z57: =VLOOKUP(A57,Jogos!A:L,3,0) -> 49 | AA57: =IF(X57<45,if(Y57>=45,Z57-X57,if(Y57<=Z57,Y57-X57,Z57)),0) -> 0 | AB57: =VLOOKUP(A57,Jogos!A:L,4,0) -> 50 | AC57: =IF(X57<45,if(Y57<=45,0,Y57-45),AB57+45-X57) -> 29 | AF57: =AE57+AC57+AA57 -> 29 | AG57: 3410.2 | AH57: 1245.1 | AI57: 1392.3 | AJ57: 413.4 | AK57: 166.1 | AL57: 193.4 | AM57: 33 | AN57: 14 | AO57: 34.1 | AP57: =AG57/$AF57 -> 117.5931 | AQ57: =AH57/$AF57 -> 42.934483 | AR57: =AI57/$AF57 -> 48.010345 | AS57: =AQ57+AR57 -> 90.944828 | AT57: =AJ57/$AF57 -> 14.255172 | AU57: =AK57/$AF57 -> 5.7275862 | AV57: =AL57/$AF57 -> 6.6689655 | AW57: =(AK57+AL57)/AF57 -> 12.396552 | AX57: =AM57/$AF57 -> 1.137931 | AY57: =AN57/$AF57 -> 0.48275862 | AZ57: =VLOOKUP(A57,Jogos!A:BN,58,0) -> 26.09 | BA57: =VLOOKUP(A57,Jogos!A:BN,59,0) -> 21.3 | BB57: =VLOOKUP(A57,Jogos!A:BN,60,0) -> 74.5 | BC57: =VLOOKUP(A57,Jogos!A:BN,61,0) -> 24.475 | BD57: =VLOOKUP(A57,Jogos!A:BN,62,0) -> 547.2 | BE57: =VLOOKUP(A57,Jogos!A:BN,63,0) -> 1.025 | BF57: =VLOOKUP(A57,Jogos!A:BN,64,0) -> 23.575 | BG57: =VLOOKUP(A57,Jogos!A:BN,65,0) -> 41.075 | BH57: =VLOOKUP(A57,Jogos!A:BN,66,0) -> 27.33
A58: 2 | B58: Group C | C58: Group | D58: 45823 | E58: 0.5 | F58: =VLOOKUP(A58,Jogos!A:N,10,0) -> Afternoon | G58: TQL Stadium | H58: =VLOOKUP(A58,Jogos!A:L,12,0) -> Open | I58: =VLOOKUP(G58,'Estádios e Cidades'!A:B,2,0) -> Cincinnati | J58: Auckland City FC | K58: =VLOOKUP(J58,Equipes!A:F,6,0) -> Temperate | L58: =VLOOKUP(J58,Equipes!A:C,3,0) -> 27 | M58: =if(L58<3,"Final",IF(L58<5,"Semi-final",if(L58<9,"Quarter-final",if(L58<17,"Round of 16","Group")))) -> Group | N58: FC Bayern Munchen | O58: =VLOOKUP(N58,Equipes!A:C,3,0) -> 6 | P58: =if(O58<3,"Final",IF(O58<5,"Semi-final",if(O58<9,"Quarter-final",if(O58<17,"Round of 16","Group")))) -> Quarter-final | Q58: =L58-O58 -> 21 | R58: =VLOOKUP(J58,Equipes!A:B,2,0) -> Auckland | S58: 22-Auckland | T58: 22 | U58: ZHOU Tong | V58: =VLOOKUP(U58,Jogadores!B:C,2,0) -> MF | W58: =VLOOKUP(U58,Jogadores!B:D,3,0) -> 35.564384 | X58: 66 | Y58: =45+AB58 -> 95 | Z58: =VLOOKUP(A58,Jogos!A:L,3,0) -> 49 | AA58: =IF(X58<45,if(Y58>=45,Z58-X58,if(Y58<=Z58,Y58-X58,Z58)),0) -> 0 | AB58: =VLOOKUP(A58,Jogos!A:L,4,0) -> 50 | AC58: =IF(X58<45,if(Y58<=45,0,Y58-45),AB58+45-X58) -> 29 | AF58: =AE58+AC58+AA58 -> 29 | AG58: 3455.5 | AH58: 1168.8 | AI58: 1504 | AJ58: 635.8 | AK58: 137.8 | AL58: 9.1 | AM58: 53 | AN58: 11 | AO58: 27 | AP58: =AG58/$AF58 -> 119.15517 | AQ58: =AH58/$AF58 -> 40.303448 | AR58: =AI58/$AF58 -> 51.862069 | AS58: =AQ58+AR58 -> 92.165517 | AT58: =AJ58/$AF58 -> 21.924138 | AU58: =AK58/$AF58 -> 4.7517241 | AV58: =AL58/$AF58 -> 0.3137931 | AW58: =(AK58+AL58)/AF58 -> 5.0655172 | AX58: =AM58/$AF58 -> 1.8275862 | AY58: =AN58/$AF58 -> 0.37931034 | AZ58: =VLOOKUP(A58,Jogos!A:BN,58,0) -> 26.09 | BA58: =VLOOKUP(A58,Jogos!A:BN,59,0) -> 21.3 | BB58: =VLOOKUP(A58,Jogos!A:BN,60,0) -> 74.5 | BC58: =VLOOKUP(A58,Jogos!A:BN,61,0) -> 24.475 | BD58: =VLOOKUP(A58,Jogos!A:BN,62,0) -> 547.2 | BE58: =VLOOKUP(A58,Jogos!A:BN,63,0) -> 1.025 | BF58: =VLOOKUP(A58,Jogos!A:BN,64,0) -> 23.575 | BG58: =VLOOKUP(A58,Jogos!A:BN,65,0) -> 41.075 | BH58: =VLOOKUP(A58,Jogos!A:BN,66,0) -> 27.33
A59: 2 | B59: Group C | C59: Group | D59: 45823 | E59: 0.5 | F59: =VLOOKUP(A59,Jogos!A:N,10,0) -> Afternoon | G59: TQL Stadium | H59: =VLOOKUP(A59,Jogos!A:L,12,0) -> Open | I59: =VLOOKUP(G59,'Estádios e Cidades'!A:B,2,0) -> Cincinnati | J59: Auckland City FC | K59: =VLOOKUP(J59,Equipes!A:F,6,0) -> Temperate | L59: =VLOOKUP(J59,Equipes!A:C,3,0) -> 27 | M59: =if(L59<3,"Final",IF(L59<5,"Semi-final",if(L59<9,"Quarter-final",if(L59<17,"Round of 16","Group")))) -> Group | N59: FC Bayern Munchen | O59: =VLOOKUP(N59,Equipes!A:C,3,0) -> 6 | P59: =if(O59<3,"Final",IF(O59<5,"Semi-final",if(O59<9,"Quarter-final",if(O59<17,"Round of 16","Group")))) -> Quarter-final | Q59: =L59-O59 -> 21 | R59: =VLOOKUP(J59,Equipes!A:B,2,0) -> Auckland | S59: 23-Auckland | T59: 23 | U59: Alfie ROGERS | V59: =VLOOKUP(U59,Jogadores!B:C,2,0) -> DF | W59: =VLOOKUP(U59,Jogadores!B:D,3,0) -> 30.493151 | X59: 82 | Y59: =45+AB59 -> 95 | Z59: =VLOOKUP(A59,Jogos!A:L,3,0) -> 49 | AA59: =IF(X59<45,if(Y59>=45,Z59-X59,if(Y59<=Z59,Y59-X59,Z59)),0) -> 0 | AB59: =VLOOKUP(A59,Jogos!A:L,4,0) -> 50 | AC59: =IF(X59<45,if(Y59<=45,0,Y59-45),AB59+45-X59) -> 13 | AF59: =AE59+AC59+AA59 -> 13 | AG59: 1690.2 | AH59: 528.8 | AI59: 871.1 | AJ59: 230.4 | AK59: 51.3 | AL59: 8.6 | AM59: 15 | AN59: 4 | AO59: 27.2 | AP59: =AG59/$AF59 -> 130.01538 | AQ59: =AH59/$AF59 -> 40.676923 | AR59: =AI59/$AF59 -> 67.007692 | AS59: =AQ59+AR59 -> 107.68462 | AT59: =AJ59/$AF59 -> 17.723077 | AU59: =AK59/$AF59 -> 3.9461538 | AV59: =AL59/$AF59 -> 0.66153846 | AW59: =(AK59+AL59)/AF59 -> 4.6076923 | AX59: =AM59/$AF59 -> 1.1538462 | AY59: =AN59/$AF59 -> 0.30769231 | AZ59: =VLOOKUP(A59,Jogos!A:BN,58,0) -> 26.09 | BA59: =VLOOKUP(A59,Jogos!A:BN,59,0) -> 21.3 | BB59: =VLOOKUP(A59,Jogos!A:BN,60,0) -> 74.5 | BC59: =VLOOKUP(A59,Jogos!A:BN,61,0) -> 24.475 | BD59: =VLOOKUP(A59,Jogos!A:BN,62,0) -> 547.2 | BE59: =VLOOKUP(A59,Jogos!A:BN,63,0) -> 1.025 | BF59: =VLOOKUP(A59,Jogos!A:BN,64,0) -> 23.575 | BG59: =VLOOKUP(A59,Jogos!A:BN,65,0) -> 41.075 | BH59: =VLOOKUP(A59,Jogos!A:BN,66,0) -> 27.33
A60: 3 | B60: Group B | C60: Group | D60: 45823 | E60: 0.5 | F60: =VLOOKUP(A60,Jogos!A:N,10,0) -> Afternoon | G60: Rose Bowl Stadium | H60: =VLOOKUP(A60,Jogos!A:L,12,0) -> Open | I60: =VLOOKUP(G60,'Estádios e Cidades'!A:B,2,0) -> Pasadena | J60: Paris Saint-Germain | K60: =VLOOKUP(J60,Equipes!A:F,6,0) -> Temperate | L60: =VLOOKUP(J60,Equipes!A:C,3,0) -> 2 | M60: =if(L60<3,"Final",IF(L60<5,"Semi-final",if(L60<9,"Quarter-final",if(L60<17,"Round of 16","Group")))) -> Final | N60: Atlético de Madrid | O60: =VLOOKUP(N60,Equipes!A:C,3,0) -> 17 | P60: =if(O60<3,"Final",IF(O60<5,"Semi-final",if(O60<9,"Quarter-final",if(O60<17,"Round of 16","Group")))) -> Group | Q60: =L60-O60 -> -15 | R60: =VLOOKUP(J60,Equipes!A:B,2,0) -> PSG | S60: 2-PSG | T60: 2 | U60: Achraf HAKIMI | V60: =VLOOKUP(U60,Jogadores!B:C,2,0) -> DF | W60: =VLOOKUP(U60,Jogadores!B:D,3,0) -> 26.747945 | X60: 0 | Y60: =45+AB60 -> 96 | Z60: =VLOOKUP(A60,Jogos!A:L,3,0) -> 48 | AA60: =IF(X60<45,if(Y60>=45,Z60-X60,if(Y60<=Z60,Y60-X60,Z60)),0) -> 48 | AB60: =VLOOKUP(A60,Jogos!A:L,4,0) -> 51 | AC60: =IF(X60<45,if(Y60<=45,0,Y60-45),AB60+45-X60) -> 51 | AF60: =AE60+AC60+AA60 -> 99 | AG60: 9682.3 | AH60: 4424.1 | AI60: 3170 | AJ60: 1014.5 | AK60: 660.5 | AL60: 413.2 | AM60: 91 | AN60: 56 | AO60: 33.7 | AP60: =AG60/$AF60 -> 97.80101 | AQ60: =AH60/$AF60 -> 44.687879 | AR60: =AI60/$AF60 -> 32.020202 | AS60: =AQ60+AR60 -> 76.708081 | AT60: =AJ60/$AF60 -> 10.247475 | AU60: =AK60/$AF60 -> 6.6717172 | AV60: =AL60/$AF60 -> 4.1737374 | AW60: =(AK60+AL60)/AF60 -> 10.845455 | AX60: =AM60/$AF60 -> 0.91919192 | AY60: =AN60/$AF60 -> 0.56565657 | AZ60: =VLOOKUP(A60,Jogos!A:BN,58,0) -> 33.085 | BA60: =VLOOKUP(A60,Jogos!A:BN,59,0) -> 10.485 | BB60: =VLOOKUP(A60,Jogos!A:BN,60,0) -> 24.5 | BC60: =VLOOKUP(A60,Jogos!A:BN,61,0) -> 35.81 | BD60: =VLOOKUP(A60,Jogos!A:BN,62,0) -> 1034.65 | BE60: =VLOOKUP(A60,Jogos!A:BN,63,0) -> 1.905 | BF60: =VLOOKUP(A60,Jogos!A:BN,64,0) -> 21.085 | BG60: =VLOOKUP(A60,Jogos!A:BN,65,0) -> 45.615 | BH60: =VLOOKUP(A60,Jogos!A:BN,66,0) -> 27.185
A61: 3 | B61: Group B | C61: Group | D61: 45823 | E61: 0.5 | F61: =VLOOKUP(A61,Jogos!A:N,10,0) -> Afternoon | G61: Rose Bowl Stadium | H61: =VLOOKUP(A61,Jogos!A:L,12,0) -> Open | I61: =VLOOKUP(G61,'Estádios e Cidades'!A:B,2,0) -> Pasadena | J61: Paris Saint-Germain | K61: =VLOOKUP(J61,Equipes!A:F,6,0) -> Temperate | L61: =VLOOKUP(J61,Equipes!A:C,3,0) -> 2 | M61: =if(L61<3,"Final",IF(L61<5,"Semi-final",if(L61<9,"Quarter-final",if(L61<17,"Round of 16","Group")))) -> Final | N61: Atlético de Madrid | O61: =VLOOKUP(N61,Equipes!A:C,3,0) -> 17 | P61: =if(O61<3,"Final",IF(O61<5,"Semi-final",if(O61<9,"Quarter-final",if(O61<17,"Round of 16","Group")))) -> Group | Q61: =L61-O61 -> -15 | R61: =VLOOKUP(J61,Equipes!A:B,2,0) -> PSG | S61: 5-PSG | T61: 5 | U61: MARQUINHOS | V61: =VLOOKUP(U61,Jogadores!B:C,2,0) -> DF | W61: =VLOOKUP(U61,Jogadores!B:D,3,0) -> 31.227397 | X61: 0 | Y61: =45+AB61 -> 96 | Z61: =VLOOKUP(A61,Jogos!A:L,3,0) -> 48 | AA61: =IF(X61<45,if(Y61>=45,Z61-X61,if(Y61<=Z61,Y61-X61,Z61)),0) -> 48 | AB61: =VLOOKUP(A61,Jogos!A:L,4,0) -> 51 | AC61: =IF(X61<45,if(Y61<=45,0,Y61-45),AB61+45-X61) -> 51 | AF61: =AE61+AC61+AA61 -> 99 | AG61: 9612.3 | AH61: 4135 | AI61: 3624.1 | AJ61: 1128.6 | AK61: 489.5 | AL61: 235.2 | AM61: 99 | AN61: 41 | AO61: 35.2 | AP61: =AG61/$AF61 -> 97.093939 | AQ61: =AH61/$AF61 -> 41.767677 | AR61: =AI61/$AF61 -> 36.607071 | AS61: =AQ61+AR61 -> 78.374747 | AT61: =AJ61/$AF61 -> 11.4 | AU61: =AK61/$AF61 -> 4.9444444 | AV61: =AL61/$AF61 -> 2.3757576 | AW61: =(AK61+AL61)/AF61 -> 7.320202 | AX61: =AM61/$AF61 -> 1 | AY61: =AN61/$AF61 -> 0.41414141 | AZ61: =VLOOKUP(A61,Jogos!A:BN,58,0) -> 33.085 | BA61: =VLOOKUP(A61,Jogos!A:BN,59,0) -> 10.485 | BB61: =VLOOKUP(A61,Jogos!A:BN,60,0) -> 24.5 | BC61: =VLOOKUP(A61,Jogos!A:BN,61,0) -> 35.81 | BD61: =VLOOKUP(A61,Jogos!A:BN,62,0) -> 1034.65 | BE61: =VLOOKUP(A61,Jogos!A:BN,63,0) -> 1.905 | BF61: =VLOOKUP(A61,Jogos!A:BN,64,0) -> 21.085 | BG61: =VLOOKUP(A61,Jogos!A:BN,65,0) -> 45.615 | BH61: =VLOOKUP(A61,Jogos!A:BN,66,0) -> 27.185
A62: 3 | B62: Group B | C62: Group | D62: 45823 | E62: 0.5 | F62: =VLOOKUP(A62,Jogos!A:N,10,0) -> Afternoon | G62: Rose Bowl Stadium | H62: =VLOOKUP(A62,Jogos!A:L,12,0) -> Open | I62: =VLOOKUP(G62,'Estádios e Cidades'!A:B,2,0) -> Pasadena | J62: Paris Saint-Germain | K62: =VLOOKUP(J62,Equipes!A:F,6,0) -> Temperate | L62: =VLOOKUP(J62,Equipes!A:C,3,0) -> 2 | M62: =if(L62<3,"Final",IF(L62<5,"Semi-final",if(L62<9,"Quarter-final",if(L62<17,"Round of 16","Group")))) -> Final | N62: Atlético de Madrid | O62: =VLOOKUP(N62,Equipes!A:C,3,0) -> 17 | P62: =if(O62<3,"Final",IF(O62<5,"Semi-final",if(O62<9,"Quarter-final",if(O62<17,"Round of 16","Group")))) -> Group | Q62: =L62-O62 -> -15 | R62: =VLOOKUP(J62,Equipes!A:B,2,0) -> PSG | S62: 7-PSG | T62: 7 | U62: Khvicha KVARATSKHELIA | V62: =VLOOKUP(U62,Jogadores!B:C,2,0) -> FW | W62: =VLOOKUP(U62,Jogadores!B:D,3,0) -> 24.471233 | X62: 0 | Y62: 72 | Z62: =VLOOKUP(A62,Jogos!A:L,3,0) -> 48 | AA62: =IF(X62<45,if(Y62>=45,Z62-X62,if(Y62<=Z62,Y62-X62,Z62)),0) -> 48 | AB62: =VLOOKUP(A62,Jogos!A:L,4,0) -> 51 | AC62: =IF(X62<45,if(Y62<=45,0,Y62-45),AB62+45-X62) -> 27 | AF62: =AE62+AC62+AA62 -> 75 | AG62: 7112.8 | AH62: 3416.9 | AI62: 2157.2 | AJ62: 932.8 | AK62: 423.7 | AL62: 182.2 | AM62: 78 | AN62: 38 | AO62: 34.8 | AP62: =AG62/$AF62 -> 94.837333 | AQ62: =AH62/$AF62 -> 45.558667 | AR62: =AI62/$AF62 -> 28.762667 | AS62: =AQ62+AR62 -> 74.321333 | AT62: =AJ62/$AF62 -> 12.437333 | AU62: =AK62/$AF62 -> 5.6493333 | AV62: =AL62/$AF62 -> 2.4293333 | AW62: =(AK62+AL62)/AF62 -> 8.0786667 | AX62: =AM62/$AF62 -> 1.04 | AY62: =AN62/$AF62 -> 0.50666667 | AZ62: =VLOOKUP(A62,Jogos!A:BN,58,0) -> 33.085 | BA62: =VLOOKUP(A62,Jogos!A:BN,59,0) -> 10.485 | BB62: =VLOOKUP(A62,Jogos!A:BN,60,0) -> 24.5 | BC62: =VLOOKUP(A62,Jogos!A:BN,61,0) -> 35.81 | BD62: =VLOOKUP(A62,Jogos!A:BN,62,0) -> 1034.65 | BE62: =VLOOKUP(A62,Jogos!A:BN,63,0) -> 1.905 | BF62: =VLOOKUP(A62,Jogos!A:BN,64,0) -> 21.085 | BG62: =VLOOKUP(A62,Jogos!A:BN,65,0) -> 45.615 | BH62: =VLOOKUP(A62,Jogos!A:BN,66,0) -> 27.185
A63: 3 | B63: Group B | C63: Group | D63: 45823 | E63: 0.5 | F63: =VLOOKUP(A63,Jogos!A:N,10,0) -> Afternoon | G63: Rose Bowl Stadium | H63: =VLOOKUP(A63,Jogos!A:L,12,0) -> Open | I63: =VLOOKUP(G63,'Estádios e Cidades'!A:B,2,0) -> Pasadena | J63: Paris Saint-Germain | K63: =VLOOKUP(J63,Equipes!A:F,6,0) -> Temperate | L63: =VLOOKUP(J63,Equipes!A:C,3,0) -> 2 | M63: =if(L63<3,"Final",IF(L63<5,"Semi-final",if(L63<9,"Quarter-final",if(L63<17,"Round of 16","Group")))) -> Final | N63: Atlético de Madrid | O63: =VLOOKUP(N63,Equipes!A:C,3,0) -> 17 | P63: =if(O63<3,"Final",IF(O63<5,"Semi-final",if(O63<9,"Quarter-final",if(O63<17,"Round of 16","Group")))) -> Group | Q63: =L63-O63 -> -15 | R63: =VLOOKUP(J63,Equipes!A:B,2,0) -> PSG | S63: 8-PSG | T63: 8 | U63: Fabian RUIZ | V63: =VLOOKUP(U63,Jogadores!B:C,2,0) -> MF | W63: =VLOOKUP(U63,Jogadores!B:D,3,0) -> 29.336986 | X63: 0 | Y63: 72 | Z63: =VLOOKUP(A63,Jogos!A:L,3,0) -> 48 | AA63: =IF(X63<45,if(Y63>=45,Z63-X63,if(Y63<=Z63,Y63-X63,Z63)),0) -> 48 | AB63: =VLOOKUP(A63,Jogos!A:L,4,0) -> 51 | AC63: =IF(X63<45,if(Y63<=45,0,Y63-45),AB63+45-X63) -> 27 | AF63: =AE63+AC63+AA63 -> 75 | AG63: 8516.8 | AH63: 2931.1 | AI63: 3693.2 | AJ63: 1275.8 | AK63: 423.4 | AL63: 193.2 | AM63: 103 | AN63: 35 | AO63: 38.1 | AP63: =AG63/$AF63 -> 113.55733 | AQ63: =AH63/$AF63 -> 39.081333 | AR63: =AI63/$AF63 -> 49.242667 | AS63: =AQ63+AR63 -> 88.324 | AT63: =AJ63/$AF63 -> 17.010667 | AU63: =AK63/$AF63 -> 5.6453333 | AV63: =AL63/$AF63 -> 2.576 | AW63: =(AK63+AL63)/AF63 -> 8.2213333 | AX63: =AM63/$AF63 -> 1.3733333 | AY63: =AN63/$AF63 -> 0.46666667 | AZ63: =VLOOKUP(A63,Jogos!A:BN,58,0) -> 33.085 | BA63: =VLOOKUP(A63,Jogos!A:BN,59,0) -> 10.485 | BB63: =VLOOKUP(A63,Jogos!A:BN,60,0) -> 24.5 | BC63: =VLOOKUP(A63,Jogos!A:BN,61,0) -> 35.81 | BD63: =VLOOKUP(A63,Jogos!A:BN,62,0) -> 1034.65 | BE63: =VLOOKUP(A63,Jogos!A:BN,63,0) -> 1.905 | BF63: =VLOOKUP(A63,Jogos!A:BN,64,0) -> 21.085 | BG63: =VLOOKUP(A63,Jogos!A:BN,65,0) -> 45.615 | BH63: =VLOOKUP(A63,Jogos!A:BN,66,0) -> 27.185
A64: 3 | B64: Group B | C64: Group | D64: 45823 | E64: 0.5 | F64: =VLOOKUP(A64,Jogos!A:N,10,0) -> Afternoon | G64: Rose Bowl Stadium | H64: =VLOOKUP(A64,Jogos!A:L,12,0) -> Open | I64: =VLOOKUP(G64,'Estádios e Cidades'!A:B,2,0) -> Pasadena | J64: Paris Saint-Germain | K64: =VLOOKUP(J64,Equipes!A:F,6,0) -> Temperate | L64: =VLOOKUP(J64,Equipes!A:C,3,0) -> 2 | M64: =if(L64<3,"Final",IF(L64<5,"Semi-final",if(L64<9,"Quarter-final",if(L64<17,"Round of 16","Group")))) -> Final | N64: Atlético de Madrid | O64: =VLOOKUP(N64,Equipes!A:C,3,0) -> 17 | P64: =if(O64<3,"Final",IF(O64<5,"Semi-final",if(O64<9,"Quarter-final",if(O64<17,"Round of 16","Group")))) -> Group | Q64: =L64-O64 -> -15 | R64: =VLOOKUP(J64,Equipes!A:B,2,0) -> PSG | S64: 9-PSG | T64: 9 | U64: GONCALO RAMOS | V64: =VLOOKUP(U64,Jogadores!B:C,2,0) -> FW | W64: =VLOOKUP(U64,Jogadores!B:D,3,0) -> 24.123288 | X64: 0 | Y64: 65 | Z64: =VLOOKUP(A64,Jogos!A:L,3,0) -> 48 | AA64: =IF(X64<45,if(Y64>=45,Z64-X64,if(Y64<=Z64,Y64-X64,Z64)),0) -> 48 | AB64: =VLOOKUP(A64,Jogos!A:L,4,0) -> 51 | AC64: =IF(X64<45,if(Y64<=45,0,Y64-45),AB64+45-X64) -> 20 | AF64: =AE64+AC64+AA64 -> 68 | AG64: 7595.4 | AH64: 2807.7 | AI64: 2781.8 | AJ64: 1306.3 | AK64: 561.1 | AL64: 138.4 | AM64: 118 | AN64: 47 | AO64: 36.2 | AP64: =AG64/$AF64 -> 111.69706 | AQ64: =AH64/$AF64 -> 41.289706 | AR64: =AI64/$AF64 -> 40.908824 | AS64: =AQ64+AR64 -> 82.198529 | AT64: =AJ64/$AF64 -> 19.210294 | AU64: =AK64/$AF64 -> 8.2514706 | AV64: =AL64/$AF64 -> 2.0352941 | AW64: =(AK64+AL64)/AF64 -> 10.286765 | AX64: =AM64/$AF64 -> 1.7352941 | AY64: =AN64/$AF64 -> 0.69117647 | AZ64: =VLOOKUP(A64,Jogos!A:BN,58,0) -> 33.085 | BA64: =VLOOKUP(A64,Jogos!A:BN,59,0) -> 10.485 | BB64: =VLOOKUP(A64,Jogos!A:BN,60,0) -> 24.5 | BC64: =VLOOKUP(A64,Jogos!A:BN,61,0) -> 35.81 | BD64: =VLOOKUP(A64,Jogos!A:BN,62,0) -> 1034.65 | BE64: =VLOOKUP(A64,Jogos!A:BN,63,0) -> 1.905 | BF64: =VLOOKUP(A64,Jogos!A:BN,64,0) -> 21.085 | BG64: =VLOOKUP(A64,Jogos!A:BN,65,0) -> 45.615 | BH64: =VLOOKUP(A64,Jogos!A:BN,66,0) -> 27.185
A65: 3 | B65: Group B | C65: Group | D65: 45823 | E65: 0.5 | F65: =VLOOKUP(A65,Jogos!A:N,10,0) -> Afternoon | G65: Rose Bowl Stadium | H65: =VLOOKUP(A65,Jogos!A:L,12,0) -> Open | I65: =VLOOKUP(G65,'Estádios e Cidades'!A:B,2,0) -> Pasadena | J65: Paris Saint-Germain | K65: =VLOOKUP(J65,Equipes!A:F,6,0) -> Temperate | L65: =VLOOKUP(J65,Equipes!A:C,3,0) -> 2 | M65: =if(L65<3,"Final",IF(L65<5,"Semi-final",if(L65<9,"Quarter-final",if(L65<17,"Round of 16","Group")))) -> Final | N65: Atlético de Madrid | O65: =VLOOKUP(N65,Equipes!A:C,3,0) -> 17 | P65: =if(O65<3,"Final",IF(O65<5,"Semi-final",if(O65<9,"Quarter-final",if(O65<17,"Round of 16","Group")))) -> Group | Q65: =L65-O65 -> -15 | R65: =VLOOKUP(J65,Equipes!A:B,2,0) -> PSG | S65: 14-PSG | T65: 14 | U65: Desire DOUE | V65: =VLOOKUP(U65,Jogadores!B:C,2,0) -> FW | W65: =VLOOKUP(U65,Jogadores!B:D,3,0) -> 20.164384 | X65: 0 | Y65: 80 | Z65: =VLOOKUP(A65,Jogos!A:L,3,0) -> 48 | AA65: =IF(X65<45,if(Y65>=45,Z65-X65,if(Y65<=Z65,Y65-X65,Z65)),0) -> 48 | AB65: =VLOOKUP(A65,Jogos!A:L,4,0) -> 51 | AC65: =IF(X65<45,if(Y65<=45,0,Y65-45),AB65+45-X65) -> 35 | AF65: =AE65+AC65+AA65 -> 83 | AG65: 8914.6 | AH65: 3172.1 | AI65: 3550.2 | AJ65: 1420.7 | AK65: 519.8 | AL65: 251.9 | AM65: 126 | AN65: 45 | AO65: 35 | AP65: =AG65/$AF65 -> 107.40482 | AQ65: =AH65/$AF65 -> 38.218072 | AR65: =AI65/$AF65 -> 42.773494 | AS65: =AQ65+AR65 -> 80.991566 | AT65: =AJ65/$AF65 -> 17.116867 | AU65: =AK65/$AF65 -> 6.2626506 | AV65: =AL65/$AF65 -> 3.0349398 | AW65: =(AK65+AL65)/AF65 -> 9.2975904 | AX65: =AM65/$AF65 -> 1.5180723 | AY65: =AN65/$AF65 -> 0.54216867 | AZ65: =VLOOKUP(A65,Jogos!A:BN,58,0) -> 33.085 | BA65: =VLOOKUP(A65,Jogos!A:BN,59,0) -> 10.485 | BB65: =VLOOKUP(A65,Jogos!A:BN,60,0) -> 24.5 | BC65: =VLOOKUP(A65,Jogos!A:BN,61,0) -> 35.81 | BD65: =VLOOKUP(A65,Jogos!A:BN,62,0) -> 1034.65 | BE65: =VLOOKUP(A65,Jogos!A:BN,63,0) -> 1.905 | BF65: =VLOOKUP(A65,Jogos!A:BN,64,0) -> 21.085 | BG65: =VLOOKUP(A65,Jogos!A:BN,65,0) -> 45.615 | BH65: =VLOOKUP(A65,Jogos!A:BN,66,0) -> 27.185
A66: 3 | B66: Group B | C66: Group | D66: 45823 | E66: 0.5 | F66: =VLOOKUP(A66,Jogos!A:N,10,0) -> Afternoon | G66: Rose Bowl Stadium | H66: =VLOOKUP(A66,Jogos!A:L,12,0) -> Open | I66: =VLOOKUP(G66,'Estádios e Cidades'!A:B,2,0) -> Pasadena | J66: Paris Saint-Germain | K66: =VLOOKUP(J66,Equipes!A:F,6,0) -> Temperate | L66: =VLOOKUP(J66,Equipes!A:C,3,0) -> 2 | M66: =if(L66<3,"Final",IF(L66<5,"Semi-final",if(L66<9,"Quarter-final",if(L66<17,"Round of 16","Group")))) -> Final | N66: Atlético de Madrid | O66: =VLOOKUP(N66,Equipes!A:C,3,0) -> 17 | P66: =if(O66<3,"Final",IF(O66<5,"Semi-final",if(O66<9,"Quarter-final",if(O66<17,"Round of 16","Group")))) -> Group | Q66: =L66-O66 -> -15 | R66: =VLOOKUP(J66,Equipes!A:B,2,0) -> PSG | S66: 17-PSG | T66: 17 | U66: VITINHA | V66: =VLOOKUP(U66,Jogadores!B:C,2,0) -> MF | W66: =VLOOKUP(U66,Jogadores!B:D,3,0) -> 25.471233 | X66: 0 | Y66: =45+AB66 -> 96 | Z66: =VLOOKUP(A66,Jogos!A:L,3,0) -> 48 | AA66: =IF(X66<45,if(Y66>=45,Z66-X66,if(Y66<=Z66,Y66-X66,Z66)),0) -> 48 | AB66: =VLOOKUP(A66,Jogos!A:L,4,0) -> 51 | AC66: =IF(X66<45,if(Y66<=45,0,Y66-45),AB66+45-X66) -> 51 | AF66: =AE66+AC66+AA66 -> 99 | AG66: 11085.8 | AH66: 3669.8 | AI66: 5203.6 | AJ66: 1430.2 | AK66: 595.5 | AL66: 186.6 | AM66: 131 | AN66: 54 | AO66: 29.3 | AP66: =AG66/$AF66 -> 111.97778 | AQ66: =AH66/$AF66 -> 37.068687 | AR66: =AI66/$AF66 -> 52.561616 | AS66: =AQ66+AR66 -> 89.630303 | AT66: =AJ66/$AF66 -> 14.446465 | AU66: =AK66/$AF66 -> 6.0151515 | AV66: =AL66/$AF66 -> 1.8848485 | AW66: =(AK66+AL66)/AF66 -> 7.9 | AX66: =AM66/$AF66 -> 1.3232323 | AY66: =AN66/$AF66 -> 0.54545455 | AZ66: =VLOOKUP(A66,Jogos!A:BN,58,0) -> 33.085 | BA66: =VLOOKUP(A66,Jogos!A:BN,59,0) -> 10.485 | BB66: =VLOOKUP(A66,Jogos!A:BN,60,0) -> 24.5 | BC66: =VLOOKUP(A66,Jogos!A:BN,61,0) -> 35.81 | BD66: =VLOOKUP(A66,Jogos!A:BN,62,0) -> 1034.65 | BE66: =VLOOKUP(A66,Jogos!A:BN,63,0) -> 1.905 | BF66: =VLOOKUP(A66,Jogos!A:BN,64,0) -> 21.085 | BG66: =VLOOKUP(A66,Jogos!A:BN,65,0) -> 45.615 | BH66: =VLOOKUP(A66,Jogos!A:BN,66,0) -> 27.185
A67: 3 | B67: Group B | C67: Group | D67: 45823 | E67: 0.5 | F67: =VLOOKUP(A67,Jogos!A:N,10,0) -> Afternoon | G67: Rose Bowl Stadium | H67: =VLOOKUP(A67,Jogos!A:L,12,0) -> Open | I67: =VLOOKUP(G67,'Estádios e Cidades'!A:B,2,0) -> Pasadena | J67: Paris Saint-Germain | K67: =VLOOKUP(J67,Equipes!A:F,6,0) -> Temperate | L67: =VLOOKUP(J67,Equipes!A:C,3,0) -> 2 | M67: =if(L67<3,"Final",IF(L67<5,"Semi-final",if(L67<9,"Quarter-final",if(L67<17,"Round of 16","Group")))) -> Final | N67: Atlético de Madrid | O67: =VLOOKUP(N67,Equipes!A:C,3,0) -> 17 | P67: =if(O67<3,"Final",IF(O67<5,"Semi-final",if(O67<9,"Quarter-final",if(O67<17,"Round of 16","Group")))) -> Group | Q67: =L67-O67 -> -15 | R67: =VLOOKUP(J67,Equipes!A:B,2,0) -> PSG | S67: 25-PSG | T67: 25 | U67: NUNO MENDES | V67: =VLOOKUP(U67,Jogadores!B:C,2,0) -> DF | W67: =VLOOKUP(U67,Jogadores!B:D,3,0) -> 23.123288 | X67: 0 | Y67: 80 | Z67: =VLOOKUP(A67,Jogos!A:L,3,0) -> 48 | AA67: =IF(X67<45,if(Y67>=45,Z67-X67,if(Y67<=Z67,Y67-X67,Z67)),0) -> 48 | AB67: =VLOOKUP(A67,Jogos!A:L,4,0) -> 51 | AC67: =IF(X67<45,if(Y67<=45,0,Y67-45),AB67+45-X67) -> 35 | AF67: =AE67+AC67+AA67 -> 83 | AG67: 7338.9 | AH67: 3090.8 | AI67: 2868.2 | AJ67: 646.4 | AK67: 408.9 | AL67: 324.6 | AM67: 59 | AN67: 38 | AO67: 36.6 | AP67: =AG67/$AF67 -> 88.420482 | AQ67: =AH67/$AF67 -> 37.238554 | AR67: =AI67/$AF67 -> 34.556627 | AS67: =AQ67+AR67 -> 71.795181 | AT67: =AJ67/$AF67 -> 7.7879518 | AU67: =AK67/$AF67 -> 4.926506 | AV67: =AL67/$AF67 -> 3.9108434 | AW67: =(AK67+AL67)/AF67 -> 8.8373494 | AX67: =AM67/$AF67 -> 0.71084337 | AY67: =AN67/$AF67 -> 0.45783133 | AZ67: =VLOOKUP(A67,Jogos!A:BN,58,0) -> 33.085 | BA67: =VLOOKUP(A67,Jogos!A:BN,59,0) -> 10.485 | BB67: =VLOOKUP(A67,Jogos!A:BN,60,0) -> 24.5 | BC67: =VLOOKUP(A67,Jogos!A:BN,61,0) -> 35.81 | BD67: =VLOOKUP(A67,Jogos!A:BN,62,0) -> 1034.65 | BE67: =VLOOKUP(A67,Jogos!A:BN,63,0) -> 1.905 | BF67: =VLOOKUP(A67,Jogos!A:BN,64,0) -> 21.085 | BG67: =VLOOKUP(A67,Jogos!A:BN,65,0) -> 45.615 | BH67: =VLOOKUP(A67,Jogos!A:BN,66,0) -> 27.185
A68: 3 | B68: Group B | C68: Group | D68: 45823 | E68: 0.5 | F68: =VLOOKUP(A68,Jogos!A:N,10,0) -> Afternoon | G68: Rose Bowl Stadium | H68: =VLOOKUP(A68,Jogos!A:L,12,0) -> Open | I68: =VLOOKUP(G68,'Estádios e Cidades'!A:B,2,0) -> Pasadena | J68: Paris Saint-Germain | K68: =VLOOKUP(J68,Equipes!A:F,6,0) -> Temperate | L68: =VLOOKUP(J68,Equipes!A:C,3,0) -> 2 | M68: =if(L68<3,"Final",IF(L68<5,"Semi-final",if(L68<9,"Quarter-final",if(L68<17,"Round of 16","Group")))) -> Final | N68: Atlético de Madrid | O68: =VLOOKUP(N68,Equipes!A:C,3,0) -> 17 | P68: =if(O68<3,"Final",IF(O68<5,"Semi-final",if(O68<9,"Quarter-final",if(O68<17,"Round of 16","Group")))) -> Group | Q68: =L68-O68 -> -15 | R68: =VLOOKUP(J68,Equipes!A:B,2,0) -> PSG | S68: 51-PSG | T68: 51 | U68: Willian PACHO | V68: =VLOOKUP(U68,Jogadores!B:C,2,0) -> DF | W68: =VLOOKUP(U68,Jogadores!B:D,3,0) -> 23.79726 | X68: 0 | Y68: =45+AB68 -> 96 | Z68: =VLOOKUP(A68,Jogos!A:L,3,0) -> 48 | AA68: =IF(X68<45,if(Y68>=45,Z68-X68,if(Y68<=Z68,Y68-X68,Z68)),0) -> 48 | AB68: =VLOOKUP(A68,Jogos!A:L,4,0) -> 51 | AC68: =IF(X68<45,if(Y68<=45,0,Y68-45),AB68+45-X68) -> 51 | AF68: =AE68+AC68+AA68 -> 99 | AG68: 8530.4 | AH68: 4028.6 | AI68: 3076.7 | AJ68: 856.7 | AK68: 402.1 | AL68: 166.4 | AM68: 71 | AN68: 31 | AO68: 33.4 | AP68: =AG68/$AF68 -> 86.165657 | AQ68: =AH68/$AF68 -> 40.692929 | AR68: =AI68/$AF68 -> 31.077778 | AS68: =AQ68+AR68 -> 71.770707 | AT68: =AJ68/$AF68 -> 8.6535354 | AU68: =AK68/$AF68 -> 4.0616162 | AV68: =AL68/$AF68 -> 1.6808081 | AW68: =(AK68+AL68)/AF68 -> 5.7424242 | AX68: =AM68/$AF68 -> 0.71717172 | AY68: =AN68/$AF68 -> 0.31313131 | AZ68: =VLOOKUP(A68,Jogos!A:BN,58,0) -> 33.085 | BA68: =VLOOKUP(A68,Jogos!A:BN,59,0) -> 10.485 | BB68: =VLOOKUP(A68,Jogos!A:BN,60,0) -> 24.5 | BC68: =VLOOKUP(A68,Jogos!A:BN,61,0) -> 35.81 | BD68: =VLOOKUP(A68,Jogos!A:BN,62,0) -> 1034.65 | BE68: =VLOOKUP(A68,Jogos!A:BN,63,0) -> 1.905 | BF68: =VLOOKUP(A68,Jogos!A:BN,64,0) -> 21.085 | BG68: =VLOOKUP(A68,Jogos!A:BN,65,0) -> 45.615 | BH68: =VLOOKUP(A68,Jogos!A:BN,66,0) -> 27.185
A69: 3 | B69: Group B | C69: Group | D69: 45823 | E69: 0.5 | F69: =VLOOKUP(A69,Jogos!A:N,10,0) -> Afternoon | G69: Rose Bowl Stadium | H69: =VLOOKUP(A69,Jogos!A:L,12,0) -> Open | I69: =VLOOKUP(G69,'Estádios e Cidades'!A:B,2,0) -> Pasadena | J69: Paris Saint-Germain | K69: =VLOOKUP(J69,Equipes!A:F,6,0) -> Temperate | L69: =VLOOKUP(J69,Equipes!A:C,3,0) -> 2 | M69: =if(L69<3,"Final",IF(L69<5,"Semi-final",if(L69<9,"Quarter-final",if(L69<17,"Round of 16","Group")))) -> Final | N69: Atlético de Madrid | O69: =VLOOKUP(N69,Equipes!A:C,3,0) -> 17 | P69: =if(O69<3,"Final",IF(O69<5,"Semi-final",if(O69<9,"Quarter-final",if(O69<17,"Round of 16","Group")))) -> Group | Q69: =L69-O69 -> -15 | R69: =VLOOKUP(J69,Equipes!A:B,2,0) -> PSG | S69: 87-PSG | T69: 87 | U69: JOAO NEVES | V69: =VLOOKUP(U69,Jogadores!B:C,2,0) -> MF | W69: =VLOOKUP(U69,Jogadores!B:D,3,0) -> 20.846575 | X69: 0 | Y69: =45+AB69 -> 96 | Z69: =VLOOKUP(A69,Jogos!A:L,3,0) -> 48 | AA69: =IF(X69<45,if(Y69>=45,Z69-X69,if(Y69<=Z69,Y69-X69,Z69)),0) -> 48 | AB69: =VLOOKUP(A69,Jogos!A:L,4,0) -> 51 | AC69: =IF(X69<45,if(Y69<=45,0,Y69-45),AB69+45-X69) -> 51 | AF69: =AE69+AC69+AA69 -> 99 | AG69: 11674.9 | AH69: 3786.8 | AI69: 5191 | AJ69: 1794.7 | AK69: 681.4 | AL69: 221.1 | AM69: 157 | AN69: 53 | AO69: 31.5 | AP69: =AG69/$AF69 -> 117.92828 | AQ69: =AH69/$AF69 -> 38.250505 | AR69: =AI69/$AF69 -> 52.434343 | AS69: =AQ69+AR69 -> 90.684848 | AT69: =AJ69/$AF69 -> 18.128283 | AU69: =AK69/$AF69 -> 6.8828283 | AV69: =AL69/$AF69 -> 2.2333333 | AW69: =(AK69+AL69)/AF69 -> 9.1161616 | AX69: =AM69/$AF69 -> 1.5858586 | AY69: =AN69/$AF69 -> 0.53535354 | AZ69: =VLOOKUP(A69,Jogos!A:BN,58,0) -> 33.085 | BA69: =VLOOKUP(A69,Jogos!A:BN,59,0) -> 10.485 | BB69: =VLOOKUP(A69,Jogos!A:BN,60,0) -> 24.5 | BC69: =VLOOKUP(A69,Jogos!A:BN,61,0) -> 35.81 | BD69: =VLOOKUP(A69,Jogos!A:BN,62,0) -> 1034.65 | BE69: =VLOOKUP(A69,Jogos!A:BN,63,0) -> 1.905 | BF69: =VLOOKUP(A69,Jogos!A:BN,64,0) -> 21.085 | BG69: =VLOOKUP(A69,Jogos!A:BN,65,0) -> 45.615 | BH69: =VLOOKUP(A69,Jogos!A:BN,66,0) -> 27.185
A70: 3 | B70: Group B | C70: Group | D70: 45823 | E70: 0.5 | F70: =VLOOKUP(A70,Jogos!A:N,10,0) -> Afternoon | G70: Rose Bowl Stadium | H70: =VLOOKUP(A70,Jogos!A:L,12,0) -> Open | I70: =VLOOKUP(G70,'Estádios e Cidades'!A:B,2,0) -> Pasadena | J70: Paris Saint-Germain | K70: =VLOOKUP(J70,Equipes!A:F,6,0) -> Temperate | L70: =VLOOKUP(J70,Equipes!A:C,3,0) -> 2 | M70: =if(L70<3,"Final",IF(L70<5,"Semi-final",if(L70<9,"Quarter-final",if(L70<17,"Round of 16","Group")))) -> Final | N70: Atlético de Madrid | O70: =VLOOKUP(N70,Equipes!A:C,3,0) -> 17 | P70: =if(O70<3,"Final",IF(O70<5,"Semi-final",if(O70<9,"Quarter-final",if(O70<17,"Round of 16","Group")))) -> Group | Q70: =L70-O70 -> -15 | R70: =VLOOKUP(J70,Equipes!A:B,2,0) -> PSG | S70: 19-PSG | T70: 19 | U70: LEE Kangin | V70: =VLOOKUP(U70,Jogadores!B:C,2,0) -> MF | W70: =VLOOKUP(U70,Jogadores!B:D,3,0) -> 24.452055 | X70: 72 | Y70: =45+AB70 -> 96 | Z70: =VLOOKUP(A70,Jogos!A:L,3,0) -> 48 | AA70: =IF(X70<45,if(Y70>=45,Z70-X70,if(Y70<=Z70,Y70-X70,Z70)),0) -> 0 | AB70: =VLOOKUP(A70,Jogos!A:L,4,0) -> 51 | AC70: =IF(X70<45,if(Y70<=45,0,Y70-45),AB70+45-X70) -> 24 | AF70: =AE70+AC70+AA70 -> 24 | AG70: 2348.6 | AH70: 1019.3 | AI70: 787.3 | AJ70: 334.8 | AK70: 145.6 | AL70: 61.6 | AM70: 30 | AN70: 11 | AO70: 26.8 | AP70: =AG70/$AF70 -> 97.858333 | AQ70: =AH70/$AF70 -> 42.470833 | AR70: =AI70/$AF70 -> 32.804167 | AS70: =AQ70+AR70 -> 75.275 | AT70: =AJ70/$AF70 -> 13.95 | AU70: =AK70/$AF70 -> 6.0666667 | AV70: =AL70/$AF70 -> 2.5666667 | AW70: =(AK70+AL70)/AF70 -> 8.6333333 | AX70: =AM70/$AF70 -> 1.25 | AY70: =AN70/$AF70 -> 0.45833333 | AZ70: =VLOOKUP(A70,Jogos!A:BN,58,0) -> 33.085 | BA70: =VLOOKUP(A70,Jogos!A:BN,59,0) -> 10.485 | BB70: =VLOOKUP(A70,Jogos!A:BN,60,0) -> 24.5 | BC70: =VLOOKUP(A70,Jogos!A:BN,61,0) -> 35.81 | BD70: =VLOOKUP(A70,Jogos!A:BN,62,0) -> 1034.65 | BE70: =VLOOKUP(A70,Jogos!A:BN,63,0) -> 1.905 | BF70: =VLOOKUP(A70,Jogos!A:BN,64,0) -> 21.085 | BG70: =VLOOKUP(A70,Jogos!A:BN,65,0) -> 45.615 | BH70: =VLOOKUP(A70,Jogos!A:BN,66,0) -> 27.185
A71: 3 | B71: Group B | C71: Group | D71: 45823 | E71: 0.5 | F71: =VLOOKUP(A71,Jogos!A:N,10,0) -> Afternoon | G71: Rose Bowl Stadium | H71: =VLOOKUP(A71,Jogos!A:L,12,0) -> Open | I71: =VLOOKUP(G71,'Estádios e Cidades'!A:B,2,0) -> Pasadena | J71: Paris Saint-Germain | K71: =VLOOKUP(J71,Equipes!A:F,6,0) -> Temperate | L71: =VLOOKUP(J71,Equipes!A:C,3,0) -> 2 | M71: =if(L71<3,"Final",IF(L71<5,"Semi-final",if(L71<9,"Quarter-final",if(L71<17,"Round of 16","Group")))) -> Final | N71: Atlético de Madrid | O71: =VLOOKUP(N71,Equipes!A:C,3,0) -> 17 | P71: =if(O71<3,"Final",IF(O71<5,"Semi-final",if(O71<9,"Quarter-final",if(O71<17,"Round of 16","Group")))) -> Group | Q71: =L71-O71 -> -15 | R71: =VLOOKUP(J71,Equipes!A:B,2,0) -> PSG | S71: 21-PSG | T71: 21 | U71: Lucas HERNANDEZ | V71: =VLOOKUP(U71,Jogadores!B:C,2,0) -> DF | W71: =VLOOKUP(U71,Jogadores!B:D,3,0) -> 29.471233 | X71: 80 | Y71: =45+AB71 -> 96 | Z71: =VLOOKUP(A71,Jogos!A:L,3,0) -> 48 | AA71: =IF(X71<45,if(Y71>=45,Z71-X71,if(Y71<=Z71,Y71-X71,Z71)),0) -> 0 | AB71: =VLOOKUP(A71,Jogos!A:L,4,0) -> 51 | AC71: =IF(X71<45,if(Y71<=45,0,Y71-45),AB71+45-X71) -> 16 | AF71: =AE71+AC71+AA71 -> 16 | AG71: 1481.1 | AH71: 721.3 | AI71: 554.2 | AJ71: 130.1 | AK71: 36.2 | AL71: 39.3 | AM71: 16 | AN71: 4 | AO71: 30.8 | AP71: =AG71/$AF71 -> 92.56875 | AQ71: =AH71/$AF71 -> 45.08125 | AR71: =AI71/$AF71 -> 34.6375 | AS71: =AQ71+AR71 -> 79.71875 | AT71: =AJ71/$AF71 -> 8.13125 | AU71: =AK71/$AF71 -> 2.2625 | AV71: =AL71/$AF71 -> 2.45625 | AW71: =(AK71+AL71)/AF71 -> 4.71875 | AX71: =AM71/$AF71 -> 1 | AY71: =AN71/$AF71 -> 0.25 | AZ71: =VLOOKUP(A71,Jogos!A:BN,58,0) -> 33.085 | BA71: =VLOOKUP(A71,Jogos!A:BN,59,0) -> 10.485 | BB71: =VLOOKUP(A71,Jogos!A:BN,60,0) -> 24.5 | BC71: =VLOOKUP(A71,Jogos!A:BN,61,0) -> 35.81 | BD71: =VLOOKUP(A71,Jogos!A:BN,62,0) -> 1034.65 | BE71: =VLOOKUP(A71,Jogos!A:BN,63,0) -> 1.905 | BF71: =VLOOKUP(A71,Jogos!A:BN,64,0) -> 21.085 | BG71: =VLOOKUP(A71,Jogos!A:BN,65,0) -> 45.615 | BH71: =VLOOKUP(A71,Jogos!A:BN,66,0) -> 27.185
A72: 3 | B72: Group B | C72: Group | D72: 45823 | E72: 0.5 | F72: =VLOOKUP(A72,Jogos!A:N,10,0) -> Afternoon | G72: Rose Bowl Stadium | H72: =VLOOKUP(A72,Jogos!A:L,12,0) -> Open | I72: =VLOOKUP(G72,'Estádios e Cidades'!A:B,2,0) -> Pasadena | J72: Paris Saint-Germain | K72: =VLOOKUP(J72,Equipes!A:F,6,0) -> Temperate | L72: =VLOOKUP(J72,Equipes!A:C,3,0) -> 2 | M72: =if(L72<3,"Final",IF(L72<5,"Semi-final",if(L72<9,"Quarter-final",if(L72<17,"Round of 16","Group")))) -> Final | N72: Atlético de Madrid | O72: =VLOOKUP(N72,Equipes!A:C,3,0) -> 17 | P72: =if(O72<3,"Final",IF(O72<5,"Semi-final",if(O72<9,"Quarter-final",if(O72<17,"Round of 16","Group")))) -> Group | Q72: =L72-O72 -> -15 | R72: =VLOOKUP(J72,Equipes!A:B,2,0) -> PSG | S72: 24-PSG | T72: 24 | U72: Senny MAYULU | V72: =VLOOKUP(U72,Jogadores!B:C,2,0) -> MF | W72: =VLOOKUP(U72,Jogadores!B:D,3,0) -> 19.210959 | X72: 65 | Y72: =45+AB72 -> 96 | Z72: =VLOOKUP(A72,Jogos!A:L,3,0) -> 48 | AA72: =IF(X72<45,if(Y72>=45,Z72-X72,if(Y72<=Z72,Y72-X72,Z72)),0) -> 0 | AB72: =VLOOKUP(A72,Jogos!A:L,4,0) -> 51 | AC72: =IF(X72<45,if(Y72<=45,0,Y72-45),AB72+45-X72) -> 31 | AF72: =AE72+AC72+AA72 -> 31 | AG72: 3446.1 | AH72: 1262 | AI72: 1373.2 | AJ72: 466.4 | AK72: 259.8 | AL72: 84.8 | AM72: 43 | AN72: 17 | AO72: 30.5 | AP72: =AG72/$AF72 -> 111.16452 | AQ72: =AH72/$AF72 -> 40.709677 | AR72: =AI72/$AF72 -> 44.296774 | AS72: =AQ72+AR72 -> 85.006452 | AT72: =AJ72/$AF72 -> 15.045161 | AU72: =AK72/$AF72 -> 8.3806452 | AV72: =AL72/$AF72 -> 2.7354839 | AW72: =(AK72+AL72)/AF72 -> 11.116129 | AX72: =AM72/$AF72 -> 1.3870968 | AY72: =AN72/$AF72 -> 0.5483871 | AZ72: =VLOOKUP(A72,Jogos!A:BN,58,0) -> 33.085 | BA72: =VLOOKUP(A72,Jogos!A:BN,59,0) -> 10.485 | BB72: =VLOOKUP(A72,Jogos!A:BN,60,0) -> 24.5 | BC72: =VLOOKUP(A72,Jogos!A:BN,61,0) -> 35.81 | BD72: =VLOOKUP(A72,Jogos!A:BN,62,0) -> 1034.65 | BE72: =VLOOKUP(A72,Jogos!A:BN,63,0) -> 1.905 | BF72: =VLOOKUP(A72,Jogos!A:BN,64,0) -> 21.085 | BG72: =VLOOKUP(A72,Jogos!A:BN,65,0) -> 45.615 | BH72: =VLOOKUP(A72,Jogos!A:BN,66,0) -> 27.185
A73: 3 | B73: Group B | C73: Group | D73: 45823 | E73: 0.5 | F73: =VLOOKUP(A73,Jogos!A:N,10,0) -> Afternoon | G73: Rose Bowl Stadium | H73: =VLOOKUP(A73,Jogos!A:L,12,0) -> Open | I73: =VLOOKUP(G73,'Estádios e Cidades'!A:B,2,0) -> Pasadena | J73: Paris Saint-Germain | K73: =VLOOKUP(J73,Equipes!A:F,6,0) -> Temperate | L73: =VLOOKUP(J73,Equipes!A:C,3,0) -> 2 | M73: =if(L73<3,"Final",IF(L73<5,"Semi-final",if(L73<9,"Quarter-final",if(L73<17,"Round of 16","Group")))) -> Final | N73: Atlético de Madrid | O73: =VLOOKUP(N73,Equipes!A:C,3,0) -> 17 | P73: =if(O73<3,"Final",IF(O73<5,"Semi-final",if(O73<9,"Quarter-final",if(O73<17,"Round of 16","Group")))) -> Group | Q73: =L73-O73 -> -15 | R73: =VLOOKUP(J73,Equipes!A:B,2,0) -> PSG | S73: 33-PSG | T73: 33 | U73: Warren ZAIRE-EMERY | V73: =VLOOKUP(U73,Jogadores!B:C,2,0) -> MF | W73: =VLOOKUP(U73,Jogadores!B:D,3,0) -> 19.40274 | X73: 72 | Y73: =45+AB73 -> 96 | Z73: =VLOOKUP(A73,Jogos!A:L,3,0) -> 48 | AA73: =IF(X73<45,if(Y73>=45,Z73-X73,if(Y73<=Z73,Y73-X73,Z73)),0) -> 0 | AB73: =VLOOKUP(A73,Jogos!A:L,4,0) -> 51 | AC73: =IF(X73<45,if(Y73<=45,0,Y73-45),AB73+45-X73) -> 24 | AF73: =AE73+AC73+AA73 -> 24 | AG73: 3037.5 | AH73: 998.8 | AI73: 1321.2 | AJ73: 561.2 | AK73: 128.7 | AL73: 27.5 | AM73: 45 | AN73: 8 | AO73: 31.7 | AP73: =AG73/$AF73 -> 126.5625 | AQ73: =AH73/$AF73 -> 41.616667 | AR73: =AI73/$AF73 -> 55.05 | AS73: =AQ73+AR73 -> 96.666667 | AT73: =AJ73/$AF73 -> 23.383333 | AU73: =AK73/$AF73 -> 5.3625 | AV73: =AL73/$AF73 -> 1.1458333 | AW73: =(AK73+AL73)/AF73 -> 6.5083333 | AX73: =AM73/$AF73 -> 1.875 | AY73: =AN73/$AF73 -> 0.33333333 | AZ73: =VLOOKUP(A73,Jogos!A:BN,58,0) -> 33.085 | BA73: =VLOOKUP(A73,Jogos!A:BN,59,0) -> 10.485 | BB73: =VLOOKUP(A73,Jogos!A:BN,60,0) -> 24.5 | BC73: =VLOOKUP(A73,Jogos!A:BN,61,0) -> 35.81 | BD73: =VLOOKUP(A73,Jogos!A:BN,62,0) -> 1034.65 | BE73: =VLOOKUP(A73,Jogos!A:BN,63,0) -> 1.905 | BF73: =VLOOKUP(A73,Jogos!A:BN,64,0) -> 21.085 | BG73: =VLOOKUP(A73,Jogos!A:BN,65,0) -> 45.615 | BH73: =VLOOKUP(A73,Jogos!A:BN,66,0) -> 27.185
A74: 3 | B74: Group B | C74: Group | D74: 45823 | E74: 0.5 | F74: =VLOOKUP(A74,Jogos!A:N,10,0) -> Afternoon | G74: Rose Bowl Stadium | H74: =VLOOKUP(A74,Jogos!A:L,12,0) -> Open | I74: =VLOOKUP(G74,'Estádios e Cidades'!A:B,2,0) -> Pasadena | J74: Paris Saint-Germain | K74: =VLOOKUP(J74,Equipes!A:F,6,0) -> Temperate | L74: =VLOOKUP(J74,Equipes!A:C,3,0) -> 2 | M74: =if(L74<3,"Final",IF(L74<5,"Semi-final",if(L74<9,"Quarter-final",if(L74<17,"Round of 16","Group")))) -> Final | N74: Atlético de Madrid | O74: =VLOOKUP(N74,Equipes!A:C,3,0) -> 17 | P74: =if(O74<3,"Final",IF(O74<5,"Semi-final",if(O74<9,"Quarter-final",if(O74<17,"Round of 16","Group")))) -> Group | Q74: =L74-O74 -> -15 | R74: =VLOOKUP(J74,Equipes!A:B,2,0) -> PSG | S74: 49-PSG | T74: 49 | U74: Ibrahim MBAYE | V74: =VLOOKUP(U74,Jogadores!B:C,2,0) -> FW | W74: =VLOOKUP(U74,Jogadores!B:D,3,0) -> 17.520548 | X74: 80 | Y74: =45+AB74 -> 96 | Z74: =VLOOKUP(A74,Jogos!A:L,3,0) -> 48 | AA74: =IF(X74<45,if(Y74>=45,Z74-X74,if(Y74<=Z74,Y74-X74,Z74)),0) -> 0 | AB74: =VLOOKUP(A74,Jogos!A:L,4,0) -> 51 | AC74: =IF(X74<45,if(Y74<=45,0,Y74-45),AB74+45-X74) -> 16 | AF74: =AE74+AC74+AA74 -> 16 | AG74: 1502.4 | AH74: 726.3 | AI74: 483.9 | AJ74: 183.6 | AK74: 80.7 | AL74: 27.9 | AM74: 14 | AN74: 7 | AO74: 27.9 | AP74: =AG74/$AF74 -> 93.9 | AQ74: =AH74/$AF74 -> 45.39375 | AR74: =AI74/$AF74 -> 30.24375 | AS74: =AQ74+AR74 -> 75.6375 | AT74: =AJ74/$AF74 -> 11.475 | AU74: =AK74/$AF74 -> 5.04375 | AV74: =AL74/$AF74 -> 1.74375 | AW74: =(AK74+AL74)/AF74 -> 6.7875 | AX74: =AM74/$AF74 -> 0.875 | AY74: =AN74/$AF74 -> 0.4375 | AZ74: =VLOOKUP(A74,Jogos!A:BN,58,0) -> 33.085 | BA74: =VLOOKUP(A74,Jogos!A:BN,59,0) -> 10.485 | BB74: =VLOOKUP(A74,Jogos!A:BN,60,0) -> 24.5 | BC74: =VLOOKUP(A74,Jogos!A:BN,61,0) -> 35.81 | BD74: =VLOOKUP(A74,Jogos!A:BN,62,0) -> 1034.65 | BE74: =VLOOKUP(A74,Jogos!A:BN,63,0) -> 1.905 | BF74: =VLOOKUP(A74,Jogos!A:BN,64,0) -> 21.085 | BG74: =VLOOKUP(A74,Jogos!A:BN,65,0) -> 45.615 | BH74: =VLOOKUP(A74,Jogos!A:BN,66,0) -> 27.185
A75: 3 | B75: Group B | C75: Group | D75: 45823 | E75: 0.5 | F75: =VLOOKUP(A75,Jogos!A:N,10,0) -> Afternoon | G75: Rose Bowl Stadium | H75: =VLOOKUP(A75,Jogos!A:L,12,0) -> Open | I75: =VLOOKUP(G75,'Estádios e Cidades'!A:B,2,0) -> Pasadena | J75: Atlético de Madrid | K75: =VLOOKUP(J75,Equipes!A:F,6,0) -> Temperate | L75: =VLOOKUP(J75,Equipes!A:C,3,0) -> 17 | M75: =if(L75<3,"Final",IF(L75<5,"Semi-final",if(L75<9,"Quarter-final",if(L75<17,"Round of 16","Group")))) -> Group | N75: Paris Saint-Germain | O75: =VLOOKUP(N75,Equipes!A:C,3,0) -> 2 | P75: =if(O75<3,"Final",IF(O75<5,"Semi-final",if(O75<9,"Quarter-final",if(O75<17,"Round of 16","Group")))) -> Final | Q75: =L75-O75 -> 15 | R75: =VLOOKUP(J75,Equipes!A:B,2,0) -> Atletico | S75: 5-Atletico | T75: 5 | U75: Rodrigo DE PAUL | V75: =VLOOKUP(U75,Jogadores!B:C,2,0) -> MF | W75: =VLOOKUP(U75,Jogadores!B:D,3,0) -> 31.2 | X75: 0 | Y75: 62 | Z75: =VLOOKUP(A75,Jogos!A:L,3,0) -> 48 | AA75: =IF(X75<45,if(Y75>=45,Z75-X75,if(Y75<=Z75,Y75-X75,Z75)),0) -> 48 | AB75: =VLOOKUP(A75,Jogos!A:L,4,0) -> 51 | AC75: =IF(X75<45,if(Y75<=45,0,Y75-45),AB75+45-X75) -> 17 | AF75: =AE75+AC75+AA75 -> 65 | AG75: 7154.4 | AH75: 2493.5 | AI75: 2896.4 | AJ75: 1100 | AK75: 554.2 | AL75: 110.3 | AM75: 92 | AN75: 36 | AO75: 29.9 | AP75: =AG75/$AF75 -> 110.06769 | AQ75: =AH75/$AF75 -> 38.361538 | AR75: =AI75/$AF75 -> 44.56 | AS75: =AQ75+AR75 -> 82.921538 | AT75: =AJ75/$AF75 -> 16.923077 | AU75: =AK75/$AF75 -> 8.5261538 | AV75: =AL75/$AF75 -> 1.6969231 | AW75: =(AK75+AL75)/AF75 -> 10.223077 | AX75: =AM75/$AF75 -> 1.4153846 | AY75: =AN75/$AF75 -> 0.55384615 | AZ75: =VLOOKUP(A75,Jogos!A:BN,58,0) -> 33.085 | BA75: =VLOOKUP(A75,Jogos!A:BN,59,0) -> 10.485 | BB75: =VLOOKUP(A75,Jogos!A:BN,60,0) -> 24.5 | BC75: =VLOOKUP(A75,Jogos!A:BN,61,0) -> 35.81 | BD75: =VLOOKUP(A75,Jogos!A:BN,62,0) -> 1034.65 | BE75: =VLOOKUP(A75,Jogos!A:BN,63,0) -> 1.905 | BF75: =VLOOKUP(A75,Jogos!A:BN,64,0) -> 21.085 | BG75: =VLOOKUP(A75,Jogos!A:BN,65,0) -> 45.615 | BH75: =VLOOKUP(A75,Jogos!A:BN,66,0) -> 27.185
A76: 3 | B76: Group B | C76: Group | D76: 45823 | E76: 0.5 | F76: =VLOOKUP(A76,Jogos!A:N,10,0) -> Afternoon | G76: Rose Bowl Stadium | H76: =VLOOKUP(A76,Jogos!A:L,12,0) -> Open | I76: =VLOOKUP(G76,'Estádios e Cidades'!A:B,2,0) -> Pasadena | J76: Atlético de Madrid | K76: =VLOOKUP(J76,Equipes!A:F,6,0) -> Temperate | L76: =VLOOKUP(J76,Equipes!A:C,3,0) -> 17 | M76: =if(L76<3,"Final",IF(L76<5,"Semi-final",if(L76<9,"Quarter-final",if(L76<17,"Round of 16","Group")))) -> Group | N76: Paris Saint-Germain | O76: =VLOOKUP(N76,Equipes!A:C,3,0) -> 2 | P76: =if(O76<3,"Final",IF(O76<5,"Semi-final",if(O76<9,"Quarter-final",if(O76<17,"Round of 16","Group")))) -> Final | Q76: =L76-O76 -> 15 | R76: =VLOOKUP(J76,Equipes!A:B,2,0) -> Atletico | S76: 7-Atletico | T76: 7 | U76: Antoine GRIEZMANN | V76: =VLOOKUP(U76,Jogadores!B:C,2,0) -> FW | W76: =VLOOKUP(U76,Jogadores!B:D,3,0) -> 34.378082 | X76: 0 | Y76: =45+AB76 -> 96 | Z76: =VLOOKUP(A76,Jogos!A:L,3,0) -> 48 | AA76: =IF(X76<45,if(Y76>=45,Z76-X76,if(Y76<=Z76,Y76-X76,Z76)),0) -> 48 | AB76: =VLOOKUP(A76,Jogos!A:L,4,0) -> 51 | AC76: =IF(X76<45,if(Y76<=45,0,Y76-45),AB76+45-X76) -> 51 | AF76: =AE76+AC76+AA76 -> 99 | AG76: 10803.1 | AH76: 4355.8 | AI76: 3688.3 | AJ76: 1746.8 | AK76: 812.9 | AL76: 199.1 | AM76: 149 | AN76: 55 | AO76: 29.3 | AP76: =AG76/$AF76 -> 109.12222 | AQ76: =AH76/$AF76 -> 43.99798 | AR76: =AI76/$AF76 -> 37.255556 | AS76: =AQ76+AR76 -> 81.253535 | AT76: =AJ76/$AF76 -> 17.644444 | AU76: =AK76/$AF76 -> 8.2111111 | AV76: =AL76/$AF76 -> 2.0111111 | AW76: =(AK76+AL76)/AF76 -> 10.222222 | AX76: =AM76/$AF76 -> 1.5050505 | AY76: =AN76/$AF76 -> 0.55555556 | AZ76: =VLOOKUP(A76,Jogos!A:BN,58,0) -> 33.085 | BA76: =VLOOKUP(A76,Jogos!A:BN,59,0) -> 10.485 | BB76: =VLOOKUP(A76,Jogos!A:BN,60,0) -> 24.5 | BC76: =VLOOKUP(A76,Jogos!A:BN,61,0) -> 35.81 | BD76: =VLOOKUP(A76,Jogos!A:BN,62,0) -> 1034.65 | BE76: =VLOOKUP(A76,Jogos!A:BN,63,0) -> 1.905 | BF76: =VLOOKUP(A76,Jogos!A:BN,64,0) -> 21.085 | BG76: =VLOOKUP(A76,Jogos!A:BN,65,0) -> 45.615 | BH76: =VLOOKUP(A76,Jogos!A:BN,66,0) -> 27.185
A77: 3 | B77: Group B | C77: Group | D77: 45823 | E77: 0.5 | F77: =VLOOKUP(A77,Jogos!A:N,10,0) -> Afternoon | G77: Rose Bowl Stadium | H77: =VLOOKUP(A77,Jogos!A:L,12,0) -> Open | I77: =VLOOKUP(G77,'Estádios e Cidades'!A:B,2,0) -> Pasadena | J77: Atlético de Madrid | K77: =VLOOKUP(J77,Equipes!A:F,6,0) -> Temperate | L77: =VLOOKUP(J77,Equipes!A:C,3,0) -> 17 | M77: =if(L77<3,"Final",IF(L77<5,"Semi-final",if(L77<9,"Quarter-final",if(L77<17,"Round of 16","Group")))) -> Group | N77: Paris Saint-Germain | O77: =VLOOKUP(N77,Equipes!A:C,3,0) -> 2 | P77: =if(O77<3,"Final",IF(O77<5,"Semi-final",if(O77<9,"Quarter-final",if(O77<17,"Round of 16","Group")))) -> Final | Q77: =L77-O77 -> 15 | R77: =VLOOKUP(J77,Equipes!A:B,2,0) -> Atletico | S77: 8-Atletico | T77: 8 | U77: Pablo BARRIOS | V77: =VLOOKUP(U77,Jogadores!B:C,2,0) -> MF | W77: =VLOOKUP(U77,Jogadores!B:D,3,0) -> 22.134247 | X77: 0 | Y77: 70 | Z77: =VLOOKUP(A77,Jogos!A:L,3,0) -> 48 | AA77: =IF(X77<45,if(Y77>=45,Z77-X77,if(Y77<=Z77,Y77-X77,Z77)),0) -> 48 | AB77: =VLOOKUP(A77,Jogos!A:L,4,0) -> 51 | AC77: =IF(X77<45,if(Y77<=45,0,Y77-45),AB77+45-X77) -> 25 | AF77: =AE77+AC77+AA77 -> 73 | AG77: 8710.9 | AH77: 2739.6 | AI77: 3759.5 | AJ77: 1460.1 | AK77: 567.2 | AL77: 184.6 | AM77: 125 | AN77: 41 | AO77: 33.3 | AP77: =AG77/$AF77 -> 119.3274 | AQ77: =AH77/$AF77 -> 37.528767 | AR77: =AI77/$AF77 -> 51.5 | AS77: =AQ77+AR77 -> 89.028767 | AT77: =AJ77/$AF77 -> 20.00137 | AU77: =AK77/$AF77 -> 7.769863 | AV77: =AL77/$AF77 -> 2.5287671 | AW77: =(AK77+AL77)/AF77 -> 10.29863 | AX77: =AM77/$AF77 -> 1.7123288 | AY77: =AN77/$AF77 -> 0.56164384 | AZ77: =VLOOKUP(A77,Jogos!A:BN,58,0) -> 33.085 | BA77: =VLOOKUP(A77,Jogos!A:BN,59,0) -> 10.485 | BB77: =VLOOKUP(A77,Jogos!A:BN,60,0) -> 24.5 | BC77: =VLOOKUP(A77,Jogos!A:BN,61,0) -> 35.81 | BD77: =VLOOKUP(A77,Jogos!A:BN,62,0) -> 1034.65 | BE77: =VLOOKUP(A77,Jogos!A:BN,63,0) -> 1.905 | BF77: =VLOOKUP(A77,Jogos!A:BN,64,0) -> 21.085 | BG77: =VLOOKUP(A77,Jogos!A:BN,65,0) -> 45.615 | BH77: =VLOOKUP(A77,Jogos!A:BN,66,0) -> 27.185
A78: 3 | B78: Group B | C78: Group | D78: 45823 | E78: 0.5 | F78: =VLOOKUP(A78,Jogos!A:N,10,0) -> Afternoon | G78: Rose Bowl Stadium | H78: =VLOOKUP(A78,Jogos!A:L,12,0) -> Open | I78: =VLOOKUP(G78,'Estádios e Cidades'!A:B,2,0) -> Pasadena | J78: Atlético de Madrid | K78: =VLOOKUP(J78,Equipes!A:F,6,0) -> Temperate | L78: =VLOOKUP(J78,Equipes!A:C,3,0) -> 17 | M78: =if(L78<3,"Final",IF(L78<5,"Semi-final",if(L78<9,"Quarter-final",if(L78<17,"Round of 16","Group")))) -> Group | N78: Paris Saint-Germain | O78: =VLOOKUP(N78,Equipes!A:C,3,0) -> 2 | P78: =if(O78<3,"Final",IF(O78<5,"Semi-final",if(O78<9,"Quarter-final",if(O78<17,"Round of 16","Group")))) -> Final | Q78: =L78-O78 -> 15 | R78: =VLOOKUP(J78,Equipes!A:B,2,0) -> Atletico | S78: 12-Atletico | T78: 12 | U78: SAMUEL LINO | V78: =VLOOKUP(U78,Jogadores!B:C,2,0) -> MF | W78: =VLOOKUP(U78,Jogadores!B:D,3,0) -> 25.613699 | X78: 0 | Y78: 45 | Z78: =VLOOKUP(A78,Jogos!A:L,3,0) -> 48 | AA78: =IF(X78<45,if(Y78>=45,Z78-X78,if(Y78<=Z78,Y78-X78,Z78)),0) -> 48 | AB78: =VLOOKUP(A78,Jogos!A:L,4,0) -> 51 | AC78: =IF(X78<45,if(Y78<=45,0,Y78-45),AB78+45-X78) -> 0 | AF78: =AE78+AC78+AA78 -> 48 | AG78: 5486.2 | AH78: 1905.1 | AI78: 2060.2 | AJ78: 879.6 | AK78: 423.8 | AL78: 217.6 | AM78: 67 | AN78: 37 | AO78: 30.8 | AP78: =AG78/$AF78 -> 114.29583 | AQ78: =AH78/$AF78 -> 39.689583 | AR78: =AI78/$AF78 -> 42.920833 | AS78: =AQ78+AR78 -> 82.610417 | AT78: =AJ78/$AF78 -> 18.325 | AU78: =AK78/$AF78 -> 8.8291667 | AV78: =AL78/$AF78 -> 4.5333333 | AW78: =(AK78+AL78)/AF78 -> 13.3625 | AX78: =AM78/$AF78 -> 1.3958333 | AY78: =AN78/$AF78 -> 0.77083333 | AZ78: =VLOOKUP(A78,Jogos!A:BN,58,0) -> 33.085 | BA78: =VLOOKUP(A78,Jogos!A:BN,59,0) -> 10.485 | BB78: =VLOOKUP(A78,Jogos!A:BN,60,0) -> 24.5 | BC78: =VLOOKUP(A78,Jogos!A:BN,61,0) -> 35.81 | BD78: =VLOOKUP(A78,Jogos!A:BN,62,0) -> 1034.65 | BE78: =VLOOKUP(A78,Jogos!A:BN,63,0) -> 1.905 | BF78: =VLOOKUP(A78,Jogos!A:BN,64,0) -> 21.085 | BG78: =VLOOKUP(A78,Jogos!A:BN,65,0) -> 45.615 | BH78: =VLOOKUP(A78,Jogos!A:BN,66,0) -> 27.185
A79: 3 | B79: Group B | C79: Group | D79: 45823 | E79: 0.5 | F79: =VLOOKUP(A79,Jogos!A:N,10,0) -> Afternoon | G79: Rose Bowl Stadium | H79: =VLOOKUP(A79,Jogos!A:L,12,0) -> Open | I79: =VLOOKUP(G79,'Estádios e Cidades'!A:B,2,0) -> Pasadena | J79: Atlético de Madrid | K79: =VLOOKUP(J79,Equipes!A:F,6,0) -> Temperate | L79: =VLOOKUP(J79,Equipes!A:C,3,0) -> 17 | M79: =if(L79<3,"Final",IF(L79<5,"Semi-final",if(L79<9,"Quarter-final",if(L79<17,"Round of 16","Group")))) -> Group | N79: Paris Saint-Germain | O79: =VLOOKUP(N79,Equipes!A:C,3,0) -> 2 | P79: =if(O79<3,"Final",IF(O79<5,"Semi-final",if(O79<9,"Quarter-final",if(O79<17,"Round of 16","Group")))) -> Final | Q79: =L79-O79 -> 15 | R79: =VLOOKUP(J79,Equipes!A:B,2,0) -> Atletico | S79: 14-Atletico | T79: 14 | U79: Marcos LLORENTE | V79: =VLOOKUP(U79,Jogadores!B:C,2,0) -> MF | W79: =VLOOKUP(U79,Jogadores!B:D,3,0) -> 30.512329 | X79: 0 | Y79: =45+AB79 -> 96 | Z79: =VLOOKUP(A79,Jogos!A:L,3,0) -> 48 | AA79: =IF(X79<45,if(Y79>=45,Z79-X79,if(Y79<=Z79,Y79-X79,Z79)),0) -> 48 | AB79: =VLOOKUP(A79,Jogos!A:L,4,0) -> 51 | AC79: =IF(X79<45,if(Y79<=45,0,Y79-45),AB79+45-X79) -> 51 | AF79: =AE79+AC79+AA79 -> 99 | AG79: 10017.6 | AH79: 4126.3 | AI79: 3715.8 | AJ79: 1276.5 | AK79: 563.2 | AL79: 335.8 | AM79: 116 | AN79: 47 | AO79: 34 | AP79: =AG79/$AF79 -> 101.18788 | AQ79: =AH79/$AF79 -> 41.679798 | AR79: =AI79/$AF79 -> 37.533333 | AS79: =AQ79+AR79 -> 79.213131 | AT79: =AJ79/$AF79 -> 12.893939 | AU79: =AK79/$AF79 -> 5.6888889 | AV79: =AL79/$AF79 -> 3.3919192 | AW79: =(AK79+AL79)/AF79 -> 9.0808081 | AX79: =AM79/$AF79 -> 1.1717172 | AY79: =AN79/$AF79 -> 0.47474747 | AZ79: =VLOOKUP(A79,Jogos!A:BN,58,0) -> 33.085 | BA79: =VLOOKUP(A79,Jogos!A:BN,59,0) -> 10.485 | BB79: =VLOOKUP(A79,Jogos!A:BN,60,0) -> 24.5 | BC79: =VLOOKUP(A79,Jogos!A:BN,61,0) -> 35.81 | BD79: =VLOOKUP(A79,Jogos!A:BN,62,0) -> 1034.65 | BE79: =VLOOKUP(A79,Jogos!A:BN,63,0) -> 1.905 | BF79: =VLOOKUP(A79,Jogos!A:BN,64,0) -> 21.085 | BG79: =VLOOKUP(A79,Jogos!A:BN,65,0) -> 45.615 | BH79: =VLOOKUP(A79,Jogos!A:BN,66,0) -> 27.185
A80: 3 | B80: Group B | C80: Group | D80: 45823 | E80: 0.5 | F80: =VLOOKUP(A80,Jogos!A:N,10,0) -> Afternoon | G80: Rose Bowl Stadium | H80: =VLOOKUP(A80,Jogos!A:L,12,0) -> Open | I80: =VLOOKUP(G80,'Estádios e Cidades'!A:B,2,0) -> Pasadena | J80: Atlético de Madrid | K80: =VLOOKUP(J80,Equipes!A:F,6,0) -> Temperate | L80: =VLOOKUP(J80,Equipes!A:C,3,0) -> 17 | M80: =if(L80<3,"Final",IF(L80<5,"Semi-final",if(L80<9,"Quarter-final",if(L80<17,"Round of 16","Group")))) -> Group | N80: Paris Saint-Germain | O80: =VLOOKUP(N80,Equipes!A:C,3,0) -> 2 | P80: =if(O80<3,"Final",IF(O80<5,"Semi-final",if(O80<9,"Quarter-final",if(O80<17,"Round of 16","Group")))) -> Final | Q80: =L80-O80 -> 15 | R80: =VLOOKUP(J80,Equipes!A:B,2,0) -> Atletico | S80: 15-Atletico | T80: 15 | U80: Clement LENGLET | V80: =VLOOKUP(U80,Jogadores!B:C,2,0) -> DF | W80: =VLOOKUP(U80,Jogadores!B:D,3,0) -> 30.134247 | X80: 0 | Y80: =45+AB80 -> 96 | Z80: =VLOOKUP(A80,Jogos!A:L,3,0) -> 48 | AA80: =IF(X80<45,if(Y80>=45,Z80-X80,if(Y80<=Z80,Y80-X80,Z80)),0) -> 48 | AB80: =VLOOKUP(A80,Jogos!A:L,4,0) -> 51 | AC80: =IF(X80<45,if(Y80<=45,0,Y80-45),AB80+45-X80) -> 51 | AF80: =AE80+AC80+AA80 -> 99 | AG80: 8328 | AH80: 3019 | AI80: 3633.5 | AJ80: 1234 | AK80: 353.3 | AL80: 88.2 | AM80: 109 | AN80: 28 | AO80: 30.6 | AP80: =AG80/$AF80 -> 84.121212 | AQ80: =AH80/$AF80 -> 30.494949 | AR80: =AI80/$AF80 -> 36.70202 | AS80: =AQ80+AR80 -> 67.19697 | AT80: =AJ80/$AF80 -> 12.464646 | AU80: =AK80/$AF80 -> 3.5686869 | AV80: =AL80/$AF80 -> 0.89090909 | AW80: =(AK80+AL80)/AF80 -> 4.459596 | AX80: =AM80/$AF80 -> 1.1010101 | AY80: =AN80/$AF80 -> 0.28282828 | AZ80: =VLOOKUP(A80,Jogos!A:BN,58,0) -> 33.085 | BA80: =VLOOKUP(A80,Jogos!A:BN,59,0) -> 10.485 | BB80: =VLOOKUP(A80,Jogos!A:BN,60,0) -> 24.5 | BC80: =VLOOKUP(A80,Jogos!A:BN,61,0) -> 35.81 | BD80: =VLOOKUP(A80,Jogos!A:BN,62,0) -> 1034.65 | BE80: =VLOOKUP(A80,Jogos!A:BN,63,0) -> 1.905 | BF80: =VLOOKUP(A80,Jogos!A:BN,64,0) -> 21.085 | BG80: =VLOOKUP(A80,Jogos!A:BN,65,0) -> 45.615 | BH80: =VLOOKUP(A80,Jogos!A:BN,66,0) -> 27.185
A81: 3 | B81: Group B | C81: Group | D81: 45823 | E81: 0.5 | F81: =VLOOKUP(A81,Jogos!A:N,10,0) -> Afternoon | G81: Rose Bowl Stadium | H81: =VLOOKUP(A81,Jogos!A:L,12,0) -> Open | I81: =VLOOKUP(G81,'Estádios e Cidades'!A:B,2,0) -> Pasadena | J81: Atlético de Madrid | K81: =VLOOKUP(J81,Equipes!A:F,6,0) -> Temperate | L81: =VLOOKUP(J81,Equipes!A:C,3,0) -> 17 | M81: =if(L81<3,"Final",IF(L81<5,"Semi-final",if(L81<9,"Quarter-final",if(L81<17,"Round of 16","Group")))) -> Group | N81: Paris Saint-Germain | O81: =VLOOKUP(N81,Equipes!A:C,3,0) -> 2 | P81: =if(O81<3,"Final",IF(O81<5,"Semi-final",if(O81<9,"Quarter-final",if(O81<17,"Round of 16","Group")))) -> Final | Q81: =L81-O81 -> 15 | R81: =VLOOKUP(J81,Equipes!A:B,2,0) -> Atletico | S81: 19-Atletico | T81: 19 | U81: Julian ALVAREZ | V81: =VLOOKUP(U81,Jogadores!B:C,2,0) -> FW | W81: =VLOOKUP(U81,Jogadores!B:D,3,0) -> 25.506849 | X81: 0 | Y81: =45+AB81 -> 96 | Z81: =VLOOKUP(A81,Jogos!A:L,3,0) -> 48 | AA81: =IF(X81<45,if(Y81>=45,Z81-X81,if(Y81<=Z81,Y81-X81,Z81)),0) -> 48 | AB81: =VLOOKUP(A81,Jogos!A:L,4,0) -> 51 | AC81: =IF(X81<45,if(Y81<=45,0,Y81-45),AB81+45-X81) -> 51 | AF81: =AE81+AC81+AA81 -> 99 | AG81: 9878.9 | AH81: 3963.5 | AI81: 3803.2 | AJ81: 1185.8 | AK81: 678.6 | AL81: 247.9 | AM81: 119 | AN81: 56 | AO81: 32.6 | AP81: =AG81/$AF81 -> 99.786869 | AQ81: =AH81/$AF81 -> 40.035354 | AR81: =AI81/$AF81 -> 38.416162 | AS81: =AQ81+AR81 -> 78.451515 | AT81: =AJ81/$AF81 -> 11.977778 | AU81: =AK81/$AF81 -> 6.8545455 | AV81: =AL81/$AF81 -> 2.5040404 | AW81: =(AK81+AL81)/AF81 -> 9.3585859 | AX81: =AM81/$AF81 -> 1.2020202 | AY81: =AN81/$AF81 -> 0.56565657 | AZ81: =VLOOKUP(A81,Jogos!A:BN,58,0) -> 33.085 | BA81: =VLOOKUP(A81,Jogos!A:BN,59,0) -> 10.485 | BB81: =VLOOKUP(A81,Jogos!A:BN,60,0) -> 24.5 | BC81: =VLOOKUP(A81,Jogos!A:BN,61,0) -> 35.81 | BD81: =VLOOKUP(A81,Jogos!A:BN,62,0) -> 1034.65 | BE81: =VLOOKUP(A81,Jogos!A:BN,63,0) -> 1.905 | BF81: =VLOOKUP(A81,Jogos!A:BN,64,0) -> 21.085 | BG81: =VLOOKUP(A81,Jogos!A:BN,65,0) -> 45.615 | BH81: =VLOOKUP(A81,Jogos!A:BN,66,0) -> 27.185
A82: 3 | B82: Group B | C82: Group | D82: 45823 | E82: 0.5 | F82: =VLOOKUP(A82,Jogos!A:N,10,0) -> Afternoon | G82: Rose Bowl Stadium | H82: =VLOOKUP(A82,Jogos!A:L,12,0) -> Open | I82: =VLOOKUP(G82,'Estádios e Cidades'!A:B,2,0) -> Pasadena | J82: Atlético de Madrid | K82: =VLOOKUP(J82,Equipes!A:F,6,0) -> Temperate | L82: =VLOOKUP(J82,Equipes!A:C,3,0) -> 17 | M82: =if(L82<3,"Final",IF(L82<5,"Semi-final",if(L82<9,"Quarter-final",if(L82<17,"Round of 16","Group")))) -> Group | N82: Paris Saint-Germain | O82: =VLOOKUP(N82,Equipes!A:C,3,0) -> 2 | P82: =if(O82<3,"Final",IF(O82<5,"Semi-final",if(O82<9,"Quarter-final",if(O82<17,"Round of 16","Group")))) -> Final | Q82: =L82-O82 -> 15 | R82: =VLOOKUP(J82,Equipes!A:B,2,0) -> Atletico | S82: 21-Atletico | T82: 21 | U82: Javi GALAN | V82: =VLOOKUP(U82,Jogadores!B:C,2,0) -> DF | W82: =VLOOKUP(U82,Jogadores!B:D,3,0) -> 30.709589 | X82: 0 | Y82: 62 | Z82: =VLOOKUP(A82,Jogos!A:L,3,0) -> 48 | AA82: =IF(X82<45,if(Y82>=45,Z82-X82,if(Y82<=Z82,Y82-X82,Z82)),0) -> 48 | AB82: =VLOOKUP(A82,Jogos!A:L,4,0) -> 51 | AC82: =IF(X82<45,if(Y82<=45,0,Y82-45),AB82+45-X82) -> 17 | AF82: =AE82+AC82+AA82 -> 65 | AG82: 6866.4 | AH82: 2620.1 | AI82: 2867.8 | AJ82: 888.8 | AK82: 353.5 | AL82: 136.2 | AM82: 78 | AN82: 25 | AO82: 31.6 | AP82: =AG82/$AF82 -> 105.63692 | AQ82: =AH82/$AF82 -> 40.309231 | AR82: =AI82/$AF82 -> 44.12 | AS82: =AQ82+AR82 -> 84.429231 | AT82: =AJ82/$AF82 -> 13.673846 | AU82: =AK82/$AF82 -> 5.4384615 | AV82: =AL82/$AF82 -> 2.0953846 | AW82: =(AK82+AL82)/AF82 -> 7.5338462 | AX82: =AM82/$AF82 -> 1.2 | AY82: =AN82/$AF82 -> 0.38461538 | AZ82: =VLOOKUP(A82,Jogos!A:BN,58,0) -> 33.085 | BA82: =VLOOKUP(A82,Jogos!A:BN,59,0) -> 10.485 | BB82: =VLOOKUP(A82,Jogos!A:BN,60,0) -> 24.5 | BC82: =VLOOKUP(A82,Jogos!A:BN,61,0) -> 35.81 | BD82: =VLOOKUP(A82,Jogos!A:BN,62,0) -> 1034.65 | BE82: =VLOOKUP(A82,Jogos!A:BN,63,0) -> 1.905 | BF82: =VLOOKUP(A82,Jogos!A:BN,64,0) -> 21.085 | BG82: =VLOOKUP(A82,Jogos!A:BN,65,0) -> 45.615 | BH82: =VLOOKUP(A82,Jogos!A:BN,66,0) -> 27.185
A83: 3 | B83: Group B | C83: Group | D83: 45823 | E83: 0.5 | F83: =VLOOKUP(A83,Jogos!A:N,10,0) -> Afternoon | G83: Rose Bowl Stadium | H83: =VLOOKUP(A83,Jogos!A:L,12,0) -> Open | I83: =VLOOKUP(G83,'Estádios e Cidades'!A:B,2,0) -> Pasadena | J83: Atlético de Madrid | K83: =VLOOKUP(J83,Equipes!A:F,6,0) -> Temperate | L83: =VLOOKUP(J83,Equipes!A:C,3,0) -> 17 | M83: =if(L83<3,"Final",IF(L83<5,"Semi-final",if(L83<9,"Quarter-final",if(L83<17,"Round of 16","Group")))) -> Group | N83: Paris Saint-Germain | O83: =VLOOKUP(N83,Equipes!A:C,3,0) -> 2 | P83: =if(O83<3,"Final",IF(O83<5,"Semi-final",if(O83<9,"Quarter-final",if(O83<17,"Round of 16","Group")))) -> Final | Q83: =L83-O83 -> 15 | R83: =VLOOKUP(J83,Equipes!A:B,2,0) -> Atletico | S83: 22-Atletico | T83: 22 | U83: Giuliano SIMEONE | V83: =VLOOKUP(U83,Jogadores!B:C,2,0) -> FW | W83: =VLOOKUP(U83,Jogadores!B:D,3,0) -> 22.624658 | X83: 0 | Y83: 62 | Z83: =VLOOKUP(A83,Jogos!A:L,3,0) -> 48 | AA83: =IF(X83<45,if(Y83>=45,Z83-X83,if(Y83<=Z83,Y83-X83,Z83)),0) -> 48 | AB83: =VLOOKUP(A83,Jogos!A:L,4,0) -> 51 | AC83: =IF(X83<45,if(Y83<=45,0,Y83-45),AB83+45-X83) -> 17 | AF83: =AE83+AC83+AA83 -> 65 | AG83: 7697.6 | AH83: 2502.3 | AI83: 3188.3 | AJ83: 1173.1 | AK83: 576.3 | AL83: 257.7 | AM83: 94 | AN83: 41 | AO83: 33.8 | AP83: =AG83/$AF83 -> 118.42462 | AQ83: =AH83/$AF83 -> 38.496923 | AR83: =AI83/$AF83 -> 49.050769 | AS83: =AQ83+AR83 -> 87.547692 | AT83: =AJ83/$AF83 -> 18.047692 | AU83: =AK83/$AF83 -> 8.8661538 | AV83: =AL83/$AF83 -> 3.9646154 | AW83: =(AK83+AL83)/AF83 -> 12.830769 | AX83: =AM83/$AF83 -> 1.4461538 | AY83: =AN83/$AF83 -> 0.63076923 | AZ83: =VLOOKUP(A83,Jogos!A:BN,58,0) -> 33.085 | BA83: =VLOOKUP(A83,Jogos!A:BN,59,0) -> 10.485 | BB83: =VLOOKUP(A83,Jogos!A:BN,60,0) -> 24.5 | BC83: =VLOOKUP(A83,Jogos!A:BN,61,0) -> 35.81 | BD83: =VLOOKUP(A83,Jogos!A:BN,62,0) -> 1034.65 | BE83: =VLOOKUP(A83,Jogos!A:BN,63,0) -> 1.905 | BF83: =VLOOKUP(A83,Jogos!A:BN,64,0) -> 21.085 | BG83: =VLOOKUP(A83,Jogos!A:BN,65,0) -> 45.615 | BH83: =VLOOKUP(A83,Jogos!A:BN,66,0) -> 27.185
A84: 3 | B84: Group B | C84: Group | D84: 45823 | E84: 0.5 | F84: =VLOOKUP(A84,Jogos!A:N,10,0) -> Afternoon | G84: Rose Bowl Stadium | H84: =VLOOKUP(A84,Jogos!A:L,12,0) -> Open | I84: =VLOOKUP(G84,'Estádios e Cidades'!A:B,2,0) -> Pasadena | J84: Atlético de Madrid | K84: =VLOOKUP(J84,Equipes!A:F,6,0) -> Temperate | L84: =VLOOKUP(J84,Equipes!A:C,3,0) -> 17 | M84: =if(L84<3,"Final",IF(L84<5,"Semi-final",if(L84<9,"Quarter-final",if(L84<17,"Round of 16","Group")))) -> Group | N84: Paris Saint-Germain | O84: =VLOOKUP(N84,Equipes!A:C,3,0) -> 2 | P84: =if(O84<3,"Final",IF(O84<5,"Semi-final",if(O84<9,"Quarter-final",if(O84<17,"Round of 16","Group")))) -> Final | Q84: =L84-O84 -> 15 | R84: =VLOOKUP(J84,Equipes!A:B,2,0) -> Atletico | S84: 24-Atletico | T84: 24 | U84: Robin LE NORMAND | V84: =VLOOKUP(U84,Jogadores!B:C,2,0) -> DF | W84: =VLOOKUP(U84,Jogadores!B:D,3,0) -> 28.728767 | X84: 0 | Y84: =45+AB84 -> 96 | Z84: =VLOOKUP(A84,Jogos!A:L,3,0) -> 48 | AA84: =IF(X84<45,if(Y84>=45,Z84-X84,if(Y84<=Z84,Y84-X84,Z84)),0) -> 48 | AB84: =VLOOKUP(A84,Jogos!A:L,4,0) -> 51 | AC84: =IF(X84<45,if(Y84<=45,0,Y84-45),AB84+45-X84) -> 51 | AF84: =AE84+AC84+AA84 -> 99 | AG84: 9889.1 | AH84: 3899.1 | AI84: 4040.2 | AJ84: 1391.4 | AK84: 432.9 | AL84: 125.5 | AM84: 117 | AN84: 30 | AO84: 33.1 | AP84: =AG84/$AF84 -> 99.889899 | AQ84: =AH84/$AF84 -> 39.384848 | AR84: =AI84/$AF84 -> 40.810101 | AS84: =AQ84+AR84 -> 80.194949 | AT84: =AJ84/$AF84 -> 14.054545 | AU84: =AK84/$AF84 -> 4.3727273 | AV84: =AL84/$AF84 -> 1.2676768 | AW84: =(AK84+AL84)/AF84 -> 5.640404 | AX84: =AM84/$AF84 -> 1.1818182 | AY84: =AN84/$AF84 -> 0.3030303 | AZ84: =VLOOKUP(A84,Jogos!A:BN,58,0) -> 33.085 | BA84: =VLOOKUP(A84,Jogos!A:BN,59,0) -> 10.485 | BB84: =VLOOKUP(A84,Jogos!A:BN,60,0) -> 24.5 | BC84: =VLOOKUP(A84,Jogos!A:BN,61,0) -> 35.81 | BD84: =VLOOKUP(A84,Jogos!A:BN,62,0) -> 1034.65 | BE84: =VLOOKUP(A84,Jogos!A:BN,63,0) -> 1.905 | BF84: =VLOOKUP(A84,Jogos!A:BN,64,0) -> 21.085 | BG84: =VLOOKUP(A84,Jogos!A:BN,65,0) -> 45.615 | BH84: =VLOOKUP(A84,Jogos!A:BN,66,0) -> 27.185
A85: 3 | B85: Group B | C85: Group | D85: 45823 | E85: 0.5 | F85: =VLOOKUP(A85,Jogos!A:N,10,0) -> Afternoon | G85: Rose Bowl Stadium | H85: =VLOOKUP(A85,Jogos!A:L,12,0) -> Open | I85: =VLOOKUP(G85,'Estádios e Cidades'!A:B,2,0) -> Pasadena | J85: Atlético de Madrid | K85: =VLOOKUP(J85,Equipes!A:F,6,0) -> Temperate | L85: =VLOOKUP(J85,Equipes!A:C,3,0) -> 17 | M85: =if(L85<3,"Final",IF(L85<5,"Semi-final",if(L85<9,"Quarter-final",if(L85<17,"Round of 16","Group")))) -> Group | N85: Paris Saint-Germain | O85: =VLOOKUP(N85,Equipes!A:C,3,0) -> 2 | P85: =if(O85<3,"Final",IF(O85<5,"Semi-final",if(O85<9,"Quarter-final",if(O85<17,"Round of 16","Group")))) -> Final | Q85: =L85-O85 -> 15 | R85: =VLOOKUP(J85,Equipes!A:B,2,0) -> Atletico | S85: 4-Atletico | T85: 4 | U85: Conor GALLAGHER | V85: =VLOOKUP(U85,Jogadores!B:C,2,0) -> MF | W85: =VLOOKUP(U85,Jogadores!B:D,3,0) -> 25.490411 | X85: 62 | Y85: =45+AB85 -> 96 | Z85: =VLOOKUP(A85,Jogos!A:L,3,0) -> 48 | AA85: =IF(X85<45,if(Y85>=45,Z85-X85,if(Y85<=Z85,Y85-X85,Z85)),0) -> 0 | AB85: =VLOOKUP(A85,Jogos!A:L,4,0) -> 51 | AC85: =IF(X85<45,if(Y85<=45,0,Y85-45),AB85+45-X85) -> 34 | AF85: =AE85+AC85+AA85 -> 34 | AG85: 3967.7 | AH85: 1329.2 | AI85: 1496 | AJ85: 598.1 | AK85: 343.3 | AL85: 201.1 | AM85: 48 | AN85: 26 | AO85: 30.7 | AP85: =AG85/$AF85 -> 116.69706 | AQ85: =AH85/$AF85 -> 39.094118 | AR85: =AI85/$AF85 -> 44 | AS85: =AQ85+AR85 -> 83.094118 | AT85: =AJ85/$AF85 -> 17.591176 | AU85: =AK85/$AF85 -> 10.097059 | AV85: =AL85/$AF85 -> 5.9147059 | AW85: =(AK85+AL85)/AF85 -> 16.011765 | AX85: =AM85/$AF85 -> 1.4117647 | AY85: =AN85/$AF85 -> 0.76470588 | AZ85: =VLOOKUP(A85,Jogos!A:BN,58,0) -> 33.085 | BA85: =VLOOKUP(A85,Jogos!A:BN,59,0) -> 10.485 | BB85: =VLOOKUP(A85,Jogos!A:BN,60,0) -> 24.5 | BC85: =VLOOKUP(A85,Jogos!A:BN,61,0) -> 35.81 | BD85: =VLOOKUP(A85,Jogos!A:BN,62,0) -> 1034.65 | BE85: =VLOOKUP(A85,Jogos!A:BN,63,0) -> 1.905 | BF85: =VLOOKUP(A85,Jogos!A:BN,64,0) -> 21.085 | BG85: =VLOOKUP(A85,Jogos!A:BN,65,0) -> 45.615 | BH85: =VLOOKUP(A85,Jogos!A:BN,66,0) -> 27.185
A86: 3 | B86: Group B | C86: Group | D86: 45823 | E86: 0.5 | F86: =VLOOKUP(A86,Jogos!A:N,10,0) -> Afternoon | G86: Rose Bowl Stadium | H86: =VLOOKUP(A86,Jogos!A:L,12,0) -> Open | I86: =VLOOKUP(G86,'Estádios e Cidades'!A:B,2,0) -> Pasadena | J86: Atlético de Madrid | K86: =VLOOKUP(J86,Equipes!A:F,6,0) -> Temperate | L86: =VLOOKUP(J86,Equipes!A:C,3,0) -> 17 | M86: =if(L86<3,"Final",IF(L86<5,"Semi-final",if(L86<9,"Quarter-final",if(L86<17,"Round of 16","Group")))) -> Group | N86: Paris Saint-Germain | O86: =VLOOKUP(N86,Equipes!A:C,3,0) -> 2 | P86: =if(O86<3,"Final",IF(O86<5,"Semi-final",if(O86<9,"Quarter-final",if(O86<17,"Round of 16","Group")))) -> Final | Q86: =L86-O86 -> 15 | R86: =VLOOKUP(J86,Equipes!A:B,2,0) -> Atletico | S86: 6-Atletico | T86: 6 | U86: KOKE | V86: =VLOOKUP(U86,Jogadores!B:C,2,0) -> MF | W86: =VLOOKUP(U86,Jogadores!B:D,3,0) -> 33.575342 | X86: 45 | Y86: =45+AB86 -> 96 | Z86: =VLOOKUP(A86,Jogos!A:L,3,0) -> 48 | AA86: =IF(X86<45,if(Y86>=45,Z86-X86,if(Y86<=Z86,Y86-X86,Z86)),0) -> 0 | AB86: =VLOOKUP(A86,Jogos!A:L,4,0) -> 51 | AC86: =IF(X86<45,if(Y86<=45,0,Y86-45),AB86+45-X86) -> 51 | AF86: =AE86+AC86+AA86 -> 51 | AG86: 6153.8 | AH86: 1915.1 | AI86: 2506.2 | AJ86: 1145.1 | AK86: 548.4 | AL86: 39 | AM86: 98 | AN86: 33 | AO86: 27.3 | AP86: =AG86/$AF86 -> 120.66275 | AQ86: =AH86/$AF86 -> 37.55098 | AR86: =AI86/$AF86 -> 49.141176 | AS86: =AQ86+AR86 -> 86.692157 | AT86: =AJ86/$AF86 -> 22.452941 | AU86: =AK86/$AF86 -> 10.752941 | AV86: =AL86/$AF86 -> 0.76470588 | AW86: =(AK86+AL86)/AF86 -> 11.517647 | AX86: =AM86/$AF86 -> 1.9215686 | AY86: =AN86/$AF86 -> 0.64705882 | AZ86: =VLOOKUP(A86,Jogos!A:BN,58,0) -> 33.085 | BA86: =VLOOKUP(A86,Jogos!A:BN,59,0) -> 10.485 | BB86: =VLOOKUP(A86,Jogos!A:BN,60,0) -> 24.5 | BC86: =VLOOKUP(A86,Jogos!A:BN,61,0) -> 35.81 | BD86: =VLOOKUP(A86,Jogos!A:BN,62,0) -> 1034.65 | BE86: =VLOOKUP(A86,Jogos!A:BN,63,0) -> 1.905 | BF86: =VLOOKUP(A86,Jogos!A:BN,64,0) -> 21.085 | BG86: =VLOOKUP(A86,Jogos!A:BN,65,0) -> 45.615 | BH86: =VLOOKUP(A86,Jogos!A:BN,66,0) -> 27.185
A87: 3 | B87: Group B | C87: Group | D87: 45823 | E87: 0.5 | F87: =VLOOKUP(A87,Jogos!A:N,10,0) -> Afternoon | G87: Rose Bowl Stadium | H87: =VLOOKUP(A87,Jogos!A:L,12,0) -> Open | I87: =VLOOKUP(G87,'Estádios e Cidades'!A:B,2,0) -> Pasadena | J87: Atlético de Madrid | K87: =VLOOKUP(J87,Equipes!A:F,6,0) -> Temperate | L87: =VLOOKUP(J87,Equipes!A:C,3,0) -> 17 | M87: =if(L87<3,"Final",IF(L87<5,"Semi-final",if(L87<9,"Quarter-final",if(L87<17,"Round of 16","Group")))) -> Group | N87: Paris Saint-Germain | O87: =VLOOKUP(N87,Equipes!A:C,3,0) -> 2 | P87: =if(O87<3,"Final",IF(O87<5,"Semi-final",if(O87<9,"Quarter-final",if(O87<17,"Round of 16","Group")))) -> Final | Q87: =L87-O87 -> 15 | R87: =VLOOKUP(J87,Equipes!A:B,2,0) -> Atletico | S87: 9-Atletico | T87: 9 | U87: Alexander SORLOTH | V87: =VLOOKUP(U87,Jogadores!B:C,2,0) -> FW | W87: =VLOOKUP(U87,Jogadores!B:D,3,0) -> 29.665753 | X87: 70 | Y87: =45+AB87 -> 96 | Z87: =VLOOKUP(A87,Jogos!A:L,3,0) -> 48 | AA87: =IF(X87<45,if(Y87>=45,Z87-X87,if(Y87<=Z87,Y87-X87,Z87)),0) -> 0 | AB87: =VLOOKUP(A87,Jogos!A:L,4,0) -> 51 | AC87: =IF(X87<45,if(Y87<=45,0,Y87-45),AB87+45-X87) -> 26 | AF87: =AE87+AC87+AA87 -> 26 | AG87: 2412.6 | AH87: 968.3 | AI87: 1008.8 | AJ87: 219.4 | AK87: 141.6 | AL87: 74.5 | AM87: 21 | AN87: 12 | AO87: 30.4 | AP87: =AG87/$AF87 -> 92.792308 | AQ87: =AH87/$AF87 -> 37.242308 | AR87: =AI87/$AF87 -> 38.8 | AS87: =AQ87+AR87 -> 76.042308 | AT87: =AJ87/$AF87 -> 8.4384615 | AU87: =AK87/$AF87 -> 5.4461538 | AV87: =AL87/$AF87 -> 2.8653846 | AW87: =(AK87+AL87)/AF87 -> 8.3115385 | AX87: =AM87/$AF87 -> 0.80769231 | AY87: =AN87/$AF87 -> 0.46153846 | AZ87: =VLOOKUP(A87,Jogos!A:BN,58,0) -> 33.085 | BA87: =VLOOKUP(A87,Jogos!A:BN,59,0) -> 10.485 | BB87: =VLOOKUP(A87,Jogos!A:BN,60,0) -> 24.5 | BC87: =VLOOKUP(A87,Jogos!A:BN,61,0) -> 35.81 | BD87: =VLOOKUP(A87,Jogos!A:BN,62,0) -> 1034.65 | BE87: =VLOOKUP(A87,Jogos!A:BN,63,0) -> 1.905 | BF87: =VLOOKUP(A87,Jogos!A:BN,64,0) -> 21.085 | BG87: =VLOOKUP(A87,Jogos!A:BN,65,0) -> 45.615 | BH87: =VLOOKUP(A87,Jogos!A:BN,66,0) -> 27.185
A88: 3 | B88: Group B | C88: Group | D88: 45823 | E88: 0.5 | F88: =VLOOKUP(A88,Jogos!A:N,10,0) -> Afternoon | G88: Rose Bowl Stadium | H88: =VLOOKUP(A88,Jogos!A:L,12,0) -> Open | I88: =VLOOKUP(G88,'Estádios e Cidades'!A:B,2,0) -> Pasadena | J88: Atlético de Madrid | K88: =VLOOKUP(J88,Equipes!A:F,6,0) -> Temperate | L88: =VLOOKUP(J88,Equipes!A:C,3,0) -> 17 | M88: =if(L88<3,"Final",IF(L88<5,"Semi-final",if(L88<9,"Quarter-final",if(L88<17,"Round of 16","Group")))) -> Group | N88: Paris Saint-Germain | O88: =VLOOKUP(N88,Equipes!A:C,3,0) -> 2 | P88: =if(O88<3,"Final",IF(O88<5,"Semi-final",if(O88<9,"Quarter-final",if(O88<17,"Round of 16","Group")))) -> Final | Q88: =L88-O88 -> 15 | R88: =VLOOKUP(J88,Equipes!A:B,2,0) -> Atletico | S88: 10-Atletico | T88: 10 | U88: Angel CORREA | V88: =VLOOKUP(U88,Jogadores!B:C,2,0) -> FW | W88: =VLOOKUP(U88,Jogadores!B:D,3,0) -> 30.408219 | X88: 62 | Y88: =45+AB88 -> 96 | Z88: =VLOOKUP(A88,Jogos!A:L,3,0) -> 48 | AA88: =IF(X88<45,if(Y88>=45,Z88-X88,if(Y88<=Z88,Y88-X88,Z88)),0) -> 0 | AB88: =VLOOKUP(A88,Jogos!A:L,4,0) -> 51 | AC88: =IF(X88<45,if(Y88<=45,0,Y88-45),AB88+45-X88) -> 34 | AF88: =AE88+AC88+AA88 -> 34 | AG88: 3234.8 | AH88: 1306 | AI88: 1175.5 | AJ88: 359.3 | AK88: 245.7 | AL88: 148.2 | AM88: 32 | AN88: 20 | AO88: 31.2 | AP88: =AG88/$AF88 -> 95.141176 | AQ88: =AH88/$AF88 -> 38.411765 | AR88: =AI88/$AF88 -> 34.573529 | AS88: =AQ88+AR88 -> 72.985294 | AT88: =AJ88/$AF88 -> 10.567647 | AU88: =AK88/$AF88 -> 7.2264706 | AV88: =AL88/$AF88 -> 4.3588235 | AW88: =(AK88+AL88)/AF88 -> 11.585294 | AX88: =AM88/$AF88 -> 0.94117647 | AY88: =AN88/$AF88 -> 0.58823529 | AZ88: =VLOOKUP(A88,Jogos!A:BN,58,0) -> 33.085 | BA88: =VLOOKUP(A88,Jogos!A:BN,59,0) -> 10.485 | BB88: =VLOOKUP(A88,Jogos!A:BN,60,0) -> 24.5 | BC88: =VLOOKUP(A88,Jogos!A:BN,61,0) -> 35.81 | BD88: =VLOOKUP(A88,Jogos!A:BN,62,0) -> 1034.65 | BE88: =VLOOKUP(A88,Jogos!A:BN,63,0) -> 1.905 | BF88: =VLOOKUP(A88,Jogos!A:BN,64,0) -> 21.085 | BG88: =VLOOKUP(A88,Jogos!A:BN,65,0) -> 45.615 | BH88: =VLOOKUP(A88,Jogos!A:BN,66,0) -> 27.185
A89: 3 | B89: Group B | C89: Group | D89: 45823 | E89: 0.5 | F89: =VLOOKUP(A89,Jogos!A:N,10,0) -> Afternoon | G89: Rose Bowl Stadium | H89: =VLOOKUP(A89,Jogos!A:L,12,0) -> Open | I89: =VLOOKUP(G89,'Estádios e Cidades'!A:B,2,0) -> Pasadena | J89: Atlético de Madrid | K89: =VLOOKUP(J89,Equipes!A:F,6,0) -> Temperate | L89: =VLOOKUP(J89,Equipes!A:C,3,0) -> 17 | M89: =if(L89<3,"Final",IF(L89<5,"Semi-final",if(L89<9,"Quarter-final",if(L89<17,"Round of 16","Group")))) -> Group | N89: Paris Saint-Germain | O89: =VLOOKUP(N89,Equipes!A:C,3,0) -> 2 | P89: =if(O89<3,"Final",IF(O89<5,"Semi-final",if(O89<9,"Quarter-final",if(O89<17,"Round of 16","Group")))) -> Final | Q89: =L89-O89 -> 15 | R89: =VLOOKUP(J89,Equipes!A:B,2,0) -> Atletico | S89: 23-Atletico | T89: 23 | U89: REINILDO MANDAVA | V89: =VLOOKUP(U89,Jogadores!B:C,2,0) -> DF | W89: =VLOOKUP(U89,Jogadores!B:D,3,0) -> 31.536986 | X89: 62 | Y89: =45+AB89 -> 96 | Z89: =VLOOKUP(A89,Jogos!A:L,3,0) -> 48 | AA89: =IF(X89<45,if(Y89>=45,Z89-X89,if(Y89<=Z89,Y89-X89,Z89)),0) -> 0 | AB89: =VLOOKUP(A89,Jogos!A:L,4,0) -> 51 | AC89: =IF(X89<45,if(Y89<=45,0,Y89-45),AB89+45-X89) -> 34 | AF89: =AE89+AC89+AA89 -> 34 | AG89: 3265.2 | AH89: 1644.1 | AI89: 1105.2 | AJ89: 283.5 | AK89: 172.8 | AL89: 59.5 | AM89: 27 | AN89: 13 | AO89: 29.3 | AP89: =AG89/$AF89 -> 96.035294 | AQ89: =AH89/$AF89 -> 48.355882 | AR89: =AI89/$AF89 -> 32.505882 | AS89: =AQ89+AR89 -> 80.861765 | AT89: =AJ89/$AF89 -> 8.3382353 | AU89: =AK89/$AF89 -> 5.0823529 | AV89: =AL89/$AF89 -> 1.75 | AW89: =(AK89+AL89)/AF89 -> 6.8323529 | AX89: =AM89/$AF89 -> 0.79411765 | AY89: =AN89/$AF89 -> 0.38235294 | AZ89: =VLOOKUP(A89,Jogos!A:BN,58,0) -> 33.085 | BA89: =VLOOKUP(A89,Jogos!A:BN,59,0) -> 10.485 | BB89: =VLOOKUP(A89,Jogos!A:BN,60,0) -> 24.5 | BC89: =VLOOKUP(A89,Jogos!A:BN,61,0) -> 35.81 | BD89: =VLOOKUP(A89,Jogos!A:BN,62,0) -> 1034.65 | BE89: =VLOOKUP(A89,Jogos!A:BN,63,0) -> 1.905 | BF89: =VLOOKUP(A89,Jogos!A:BN,64,0) -> 21.085 | BG89: =VLOOKUP(A89,Jogos!A:BN,65,0) -> 45.615 | BH89: =VLOOKUP(A89,Jogos!A:BN,66,0) -> 27.185
A90: 4 | B90: Group A | C90: Group | D90: 45823 | E90: 0.75 | F90: =VLOOKUP(A90,Jogos!A:N,10,0) -> Evening | G90: MetLife Stadium | H90: =VLOOKUP(A90,Jogos!A:L,12,0) -> Open | I90: =VLOOKUP(G90,'Estádios e Cidades'!A:B,2,0) -> East Rutherford | J90: Palmeiras | K90: =VLOOKUP(J90,Equipes!A:F,6,0) -> Temperate | L90: =VLOOKUP(J90,Equipes!A:C,3,0) -> 8 | M90: =if(L90<3,"Final",IF(L90<5,"Semi-final",if(L90<9,"Quarter-final",if(L90<17,"Round of 16","Group")))) -> Quarter-final | N90: FC Porto | O90: =VLOOKUP(N90,Equipes!A:C,3,0) -> 23 | P90: =if(O90<3,"Final",IF(O90<5,"Semi-final",if(O90<9,"Quarter-final",if(O90<17,"Round of 16","Group")))) -> Group | Q90: =L90-O90 -> -15 | R90: =VLOOKUP(J90,Equipes!A:B,2,0) -> Palmeiras | S90: 4-Palmeiras | T90: 4 | U90: Agustin GIAY | V90: =VLOOKUP(U90,Jogadores!B:C,2,0) -> DF | W90: =VLOOKUP(U90,Jogadores!B:D,3,0) -> 21.545205 | X90: 0 | Y90: =45+AB90 -> 94 | Z90: =VLOOKUP(A90,Jogos!A:L,3,0) -> 48 | AA90: =IF(X90<45,if(Y90>=45,Z90-X90,if(Y90<=Z90,Y90-X90,Z90)),0) -> 48 | AB90: =VLOOKUP(A90,Jogos!A:L,4,0) -> 49 | AC90: =IF(X90<45,if(Y90<=45,0,Y90-45),AB90+45-X90) -> 49 | AF90: =AE90+AC90+AA90 -> 97 | AG90: 9809.1 | AH90: 3477.3 | AI90: 4272.5 | AJ90: 1361.6 | AK90: 507 | AL90: 190.8 | AM90: 108 | AN90: 41 | AO90: 30.9 | AP90: =AG90/$AF90 -> 101.12474 | AQ90: =AH90/$AF90 -> 35.848454 | AR90: =AI90/$AF90 -> 44.046392 | AS90: =AQ90+AR90 -> 79.894845 | AT90: =AJ90/$AF90 -> 14.037113 | AU90: =AK90/$AF90 -> 5.2268041 | AV90: =AL90/$AF90 -> 1.9670103 | AW90: =(AK90+AL90)/AF90 -> 7.1938144 | AX90: =AM90/$AF90 -> 1.1134021 | AY90: =AN90/$AF90 -> 0.42268041 | AZ90: =VLOOKUP(A90,Jogos!A:BN,58,0) -> 17.995 | BA90: =VLOOKUP(A90,Jogos!A:BN,59,0) -> 13.725 | BB90: =VLOOKUP(A90,Jogos!A:BN,60,0) -> 75.5 | BC90: =VLOOKUP(A90,Jogos!A:BN,61,0) -> 15.345 | BD90: =VLOOKUP(A90,Jogos!A:BN,62,0) -> 51.85 | BE90: =VLOOKUP(A90,Jogos!A:BN,63,0) -> 0.94 | BF90: =VLOOKUP(A90,Jogos!A:BN,64,0) -> 17.64 | BG90: =VLOOKUP(A90,Jogos!A:BN,65,0) -> 30.13 | BH90: =VLOOKUP(A90,Jogos!A:BN,66,0) -> 20.175
A91: 4 | B91: Group A | C91: Group | D91: 45823 | E91: 0.75 | F91: =VLOOKUP(A91,Jogos!A:N,10,0) -> Evening | G91: MetLife Stadium | H91: =VLOOKUP(A91,Jogos!A:L,12,0) -> Open | I91: =VLOOKUP(G91,'Estádios e Cidades'!A:B,2,0) -> East Rutherford | J91: Palmeiras | K91: =VLOOKUP(J91,Equipes!A:F,6,0) -> Temperate | L91: =VLOOKUP(J91,Equipes!A:C,3,0) -> 8 | M91: =if(L91<3,"Final",IF(L91<5,"Semi-final",if(L91<9,"Quarter-final",if(L91<17,"Round of 16","Group")))) -> Quarter-final | N91: FC Porto | O91: =VLOOKUP(N91,Equipes!A:C,3,0) -> 23 | P91: =if(O91<3,"Final",IF(O91<5,"Semi-final",if(O91<9,"Quarter-final",if(O91<17,"Round of 16","Group")))) -> Group | Q91: =L91-O91 -> -15 | R91: =VLOOKUP(J91,Equipes!A:B,2,0) -> Palmeiras | S91: 5-Palmeiras | T91: 5 | U91: Anibal MORENO | V91: =VLOOKUP(U91,Jogadores!B:C,2,0) -> MF | W91: =VLOOKUP(U91,Jogadores!B:D,3,0) -> 26.227397 | X91: 0 | Y91: =45+AB91 -> 94 | Z91: =VLOOKUP(A91,Jogos!A:L,3,0) -> 48 | AA91: =IF(X91<45,if(Y91>=45,Z91-X91,if(Y91<=Z91,Y91-X91,Z91)),0) -> 48 | AB91: =VLOOKUP(A91,Jogos!A:L,4,0) -> 49 | AC91: =IF(X91<45,if(Y91<=45,0,Y91-45),AB91+45-X91) -> 49 | AF91: =AE91+AC91+AA91 -> 97 | AG91: 10456.4 | AH91: 3769.3 | AI91: 4546.8 | AJ91: 1545.3 | AK91: 410.1 | AL91: 184.9 | AM91: 137 | AN91: 39 | AO91: 31.5 | AP91: =AG91/$AF91 -> 107.79794 | AQ91: =AH91/$AF91 -> 38.858763 | AR91: =AI91/$AF91 -> 46.874227 | AS91: =AQ91+AR91 -> 85.73299 | AT91: =AJ91/$AF91 -> 15.930928 | AU91: =AK91/$AF91 -> 4.2278351 | AV91: =AL91/$AF91 -> 1.9061856 | AW91: =(AK91+AL91)/AF91 -> 6.1340206 | AX91: =AM91/$AF91 -> 1.4123711 | AY91: =AN91/$AF91 -> 0.40206186 | AZ91: =VLOOKUP(A91,Jogos!A:BN,58,0) -> 17.995 | BA91: =VLOOKUP(A91,Jogos!A:BN,59,0) -> 13.725 | BB91: =VLOOKUP(A91,Jogos!A:BN,60,0) -> 75.5 | BC91: =VLOOKUP(A91,Jogos!A:BN,61,0) -> 15.345 | BD91: =VLOOKUP(A91,Jogos!A:BN,62,0) -> 51.85 | BE91: =VLOOKUP(A91,Jogos!A:BN,63,0) -> 0.94 | BF91: =VLOOKUP(A91,Jogos!A:BN,64,0) -> 17.64 | BG91: =VLOOKUP(A91,Jogos!A:BN,65,0) -> 30.13 | BH91: =VLOOKUP(A91,Jogos!A:BN,66,0) -> 20.175
A92: 4 | B92: Group A | C92: Group | D92: 45823 | E92: 0.75 | F92: =VLOOKUP(A92,Jogos!A:N,10,0) -> Evening | G92: MetLife Stadium | H92: =VLOOKUP(A92,Jogos!A:L,12,0) -> Open | I92: =VLOOKUP(G92,'Estádios e Cidades'!A:B,2,0) -> East Rutherford | J92: Palmeiras | K92: =VLOOKUP(J92,Equipes!A:F,6,0) -> Temperate | L92: =VLOOKUP(J92,Equipes!A:C,3,0) -> 8 | M92: =if(L92<3,"Final",IF(L92<5,"Semi-final",if(L92<9,"Quarter-final",if(L92<17,"Round of 16","Group")))) -> Quarter-final | N92: FC Porto | O92: =VLOOKUP(N92,Equipes!A:C,3,0) -> 23 | P92: =if(O92<3,"Final",IF(O92<5,"Semi-final",if(O92<9,"Quarter-final",if(O92<17,"Round of 16","Group")))) -> Group | Q92: =L92-O92 -> -15 | R92: =VLOOKUP(J92,Equipes!A:B,2,0) -> Palmeiras | S92: 7-Palmeiras | T92: 7 | U92: FELIPE ANDERSON | V92: =VLOOKUP(U92,Jogadores!B:C,2,0) -> MF | W92: =VLOOKUP(U92,Jogadores!B:D,3,0) -> 32.306849 | X92: 0 | Y92: 65 | Z92: =VLOOKUP(A92,Jogos!A:L,3,0) -> 48 | AA92: =IF(X92<45,if(Y92>=45,Z92-X92,if(Y92<=Z92,Y92-X92,Z92)),0) -> 48 | AB92: =VLOOKUP(A92,Jogos!A:L,4,0) -> 49 | AC92: =IF(X92<45,if(Y92<=45,0,Y92-45),AB92+45-X92) -> 20 | AF92: =AE92+AC92+AA92 -> 68 | AG92: 7153.2 | AH92: 2482.9 | AI92: 2868.3 | AJ92: 1133.8 | AK92: 438.8 | AL92: 229.5 | AM92: 98 | AN92: 40 | AO92: 31.5 | AP92: =AG92/$AF92 -> 105.19412 | AQ92: =AH92/$AF92 -> 36.513235 | AR92: =AI92/$AF92 -> 42.180882 | AS92: =AQ92+AR92 -> 78.694118 | AT92: =AJ92/$AF92 -> 16.673529 | AU92: =AK92/$AF92 -> 6.4529412 | AV92: =AL92/$AF92 -> 3.375 | AW92: =(AK92+AL92)/AF92 -> 9.8279412 | AX92: =AM92/$AF92 -> 1.4411765 | AY92: =AN92/$AF92 -> 0.58823529 | AZ92: =VLOOKUP(A92,Jogos!A:BN,58,0) -> 17.995 | BA92: =VLOOKUP(A92,Jogos!A:BN,59,0) -> 13.725 | BB92: =VLOOKUP(A92,Jogos!A:BN,60,0) -> 75.5 | BC92: =VLOOKUP(A92,Jogos!A:BN,61,0) -> 15.345 | BD92: =VLOOKUP(A92,Jogos!A:BN,62,0) -> 51.85 | BE92: =VLOOKUP(A92,Jogos!A:BN,63,0) -> 0.94 | BF92: =VLOOKUP(A92,Jogos!A:BN,64,0) -> 17.64 | BG92: =VLOOKUP(A92,Jogos!A:BN,65,0) -> 30.13 | BH92: =VLOOKUP(A92,Jogos!A:BN,66,0) -> 20.175
A93: 4 | B93: Group A | C93: Group | D93: 45823 | E93: 0.75 | F93: =VLOOKUP(A93,Jogos!A:N,10,0) -> Evening | G93: MetLife Stadium | H93: =VLOOKUP(A93,Jogos!A:L,12,0) -> Open | I93: =VLOOKUP(G93,'Estádios e Cidades'!A:B,2,0) -> East Rutherford | J93: Palmeiras | K93: =VLOOKUP(J93,Equipes!A:F,6,0) -> Temperate | L93: =VLOOKUP(J93,Equipes!A:C,3,0) -> 8 | M93: =if(L93<3,"Final",IF(L93<5,"Semi-final",if(L93<9,"Quarter-final",if(L93<17,"Round of 16","Group")))) -> Quarter-final | N93: FC Porto | O93: =VLOOKUP(N93,Equipes!A:C,3,0) -> 23 | P93: =if(O93<3,"Final",IF(O93<5,"Semi-final",if(O93<9,"Quarter-final",if(O93<17,"Round of 16","Group")))) -> Group | Q93: =L93-O93 -> -15 | R93: =VLOOKUP(J93,Equipes!A:B,2,0) -> Palmeiras | S93: 8-Palmeiras | T93: 8 | U93: Richard RIOS | V93: =VLOOKUP(U93,Jogadores!B:C,2,0) -> MF | W93: =VLOOKUP(U93,Jogadores!B:D,3,0) -> 25.169863 | X93: 0 | Y93: 87 | Z93: =VLOOKUP(A93,Jogos!A:L,3,0) -> 48 | AA93: =IF(X93<45,if(Y93>=45,Z93-X93,if(Y93<=Z93,Y93-X93,Z93)),0) -> 48 | AB93: =VLOOKUP(A93,Jogos!A:L,4,0) -> 49 | AC93: =IF(X93<45,if(Y93<=45,0,Y93-45),AB93+45-X93) -> 42 | AF93: =AE93+AC93+AA93 -> 90 | AG93: 9497.5 | AH93: 3444.5 | AI93: 3065.1 | AJ93: 1785.8 | AK93: 882.2 | AL93: 319.9 | AM93: 143 | AN93: 67 | AO93: 30.8 | AP93: =AG93/$AF93 -> 105.52778 | AQ93: =AH93/$AF93 -> 38.272222 | AR93: =AI93/$AF93 -> 34.056667 | AS93: =AQ93+AR93 -> 72.328889 | AT93: =AJ93/$AF93 -> 19.842222 | AU93: =AK93/$AF93 -> 9.8022222 | AV93: =AL93/$AF93 -> 3.5544444 | AW93: =(AK93+AL93)/AF93 -> 13.356667 | AX93: =AM93/$AF93 -> 1.5888889 | AY93: =AN93/$AF93 -> 0.74444444 | AZ93: =VLOOKUP(A93,Jogos!A:BN,58,0) -> 17.995 | BA93: =VLOOKUP(A93,Jogos!A:BN,59,0) -> 13.725 | BB93: =VLOOKUP(A93,Jogos!A:BN,60,0) -> 75.5 | BC93: =VLOOKUP(A93,Jogos!A:BN,61,0) -> 15.345 | BD93: =VLOOKUP(A93,Jogos!A:BN,62,0) -> 51.85 | BE93: =VLOOKUP(A93,Jogos!A:BN,63,0) -> 0.94 | BF93: =VLOOKUP(A93,Jogos!A:BN,64,0) -> 17.64 | BG93: =VLOOKUP(A93,Jogos!A:BN,65,0) -> 30.13 | BH93: =VLOOKUP(A93,Jogos!A:BN,66,0) -> 20.175
A94: 4 | B94: Group A | C94: Group | D94: 45823 | E94: 0.75 | F94: =VLOOKUP(A94,Jogos!A:N,10,0) -> Evening | G94: MetLife Stadium | H94: =VLOOKUP(A94,Jogos!A:L,12,0) -> Open | I94: =VLOOKUP(G94,'Estádios e Cidades'!A:B,2,0) -> East Rutherford | J94: Palmeiras | K94: =VLOOKUP(J94,Equipes!A:F,6,0) -> Temperate | L94: =VLOOKUP(J94,Equipes!A:C,3,0) -> 8 | M94: =if(L94<3,"Final",IF(L94<5,"Semi-final",if(L94<9,"Quarter-final",if(L94<17,"Round of 16","Group")))) -> Quarter-final | N94: FC Porto | O94: =VLOOKUP(N94,Equipes!A:C,3,0) -> 23 | P94: =if(O94<3,"Final",IF(O94<5,"Semi-final",if(O94<9,"Quarter-final",if(O94<17,"Round of 16","Group")))) -> Group | Q94: =L94-O94 -> -15 | R94: =VLOOKUP(J94,Equipes!A:B,2,0) -> Palmeiras | S94: 9-Palmeiras | T94: 9 | U94: VITOR ROQUE | V94: =VLOOKUP(U94,Jogadores!B:C,2,0) -> FW | W94: =VLOOKUP(U94,Jogadores!B:D,3,0) -> 20.424658 | X94: 0 | Y94: 77 | Z94: =VLOOKUP(A94,Jogos!A:L,3,0) -> 48 | AA94: =IF(X94<45,if(Y94>=45,Z94-X94,if(Y94<=Z94,Y94-X94,Z94)),0) -> 48 | AB94: =VLOOKUP(A94,Jogos!A:L,4,0) -> 49 | AC94: =IF(X94<45,if(Y94<=45,0,Y94-45),AB94+45-X94) -> 32 | AF94: =AE94+AC94+AA94 -> 80 | AG94: 8086.5 | AH94: 3268.2 | AI94: 3019.7 | AJ94: 966.3 | AK94: 524.3 | AL94: 308 | AM94: 81 | AN94: 50 | AO94: 33.7 | AP94: =AG94/$AF94 -> 101.08125 | AQ94: =AH94/$AF94 -> 40.8525 | AR94: =AI94/$AF94 -> 37.74625 | AS94: =AQ94+AR94 -> 78.59875 | AT94: =AJ94/$AF94 -> 12.07875 | AU94: =AK94/$AF94 -> 6.55375 | AV94: =AL94/$AF94 -> 3.85 | AW94: =(AK94+AL94)/AF94 -> 10.40375 | AX94: =AM94/$AF94 -> 1.0125 | AY94: =AN94/$AF94 -> 0.625 | AZ94: =VLOOKUP(A94,Jogos!A:BN,58,0) -> 17.995 | BA94: =VLOOKUP(A94,Jogos!A:BN,59,0) -> 13.725 | BB94: =VLOOKUP(A94,Jogos!A:BN,60,0) -> 75.5 | BC94: =VLOOKUP(A94,Jogos!A:BN,61,0) -> 15.345 | BD94: =VLOOKUP(A94,Jogos!A:BN,62,0) -> 51.85 | BE94: =VLOOKUP(A94,Jogos!A:BN,63,0) -> 0.94 | BF94: =VLOOKUP(A94,Jogos!A:BN,64,0) -> 17.64 | BG94: =VLOOKUP(A94,Jogos!A:BN,65,0) -> 30.13 | BH94: =VLOOKUP(A94,Jogos!A:BN,66,0) -> 20.175
A95: 4 | B95: Group A | C95: Group | D95: 45823 | E95: 0.75 | F95: =VLOOKUP(A95,Jogos!A:N,10,0) -> Evening | G95: MetLife Stadium | H95: =VLOOKUP(A95,Jogos!A:L,12,0) -> Open | I95: =VLOOKUP(G95,'Estádios e Cidades'!A:B,2,0) -> East Rutherford | J95: Palmeiras | K95: =VLOOKUP(J95,Equipes!A:F,6,0) -> Temperate | L95: =VLOOKUP(J95,Equipes!A:C,3,0) -> 8 | M95: =if(L95<3,"Final",IF(L95<5,"Semi-final",if(L95<9,"Quarter-final",if(L95<17,"Round of 16","Group")))) -> Quarter-final | N95: FC Porto | O95: =VLOOKUP(N95,Equipes!A:C,3,0) -> 23 | P95: =if(O95<3,"Final",IF(O95<5,"Semi-final",if(O95<9,"Quarter-final",if(O95<17,"Round of 16","Group")))) -> Group | Q95: =L95-O95 -> -15 | R95: =VLOOKUP(J95,Equipes!A:B,2,0) -> Palmeiras | S95: 15-Palmeiras | T95: 15 | U95: Gustavo GOMEZ | V95: =VLOOKUP(U95,Jogadores!B:C,2,0) -> DF | W95: =VLOOKUP(U95,Jogadores!B:D,3,0) -> 32.249315 | X95: 0 | Y95: =45+AB95 -> 94 | Z95: =VLOOKUP(A95,Jogos!A:L,3,0) -> 48 | AA95: =IF(X95<45,if(Y95>=45,Z95-X95,if(Y95<=Z95,Y95-X95,Z95)),0) -> 48 | AB95: =VLOOKUP(A95,Jogos!A:L,4,0) -> 49 | AC95: =IF(X95<45,if(Y95<=45,0,Y95-45),AB95+45-X95) -> 49 | AF95: =AE95+AC95+AA95 -> 97 | AG95: 8972.7 | AH95: 4154.6 | AI95: 3300.9 | AJ95: 1029.9 | AK95: 398.5 | AL95: 88.7 | AM95: 94 | AN95: 31 | AO95: 29.4 | AP95: =AG95/$AF95 -> 92.502062 | AQ95: =AH95/$AF95 -> 42.830928 | AR95: =AI95/$AF95 -> 34.029897 | AS95: =AQ95+AR95 -> 76.860825 | AT95: =AJ95/$AF95 -> 10.617526 | AU95: =AK95/$AF95 -> 4.1082474 | AV95: =AL95/$AF95 -> 0.91443299 | AW95: =(AK95+AL95)/AF95 -> 5.0226804 | AX95: =AM95/$AF95 -> 0.96907216 | AY95: =AN95/$AF95 -> 0.31958763 | AZ95: =VLOOKUP(A95,Jogos!A:BN,58,0) -> 17.995 | BA95: =VLOOKUP(A95,Jogos!A:BN,59,0) -> 13.725 | BB95: =VLOOKUP(A95,Jogos!A:BN,60,0) -> 75.5 | BC95: =VLOOKUP(A95,Jogos!A:BN,61,0) -> 15.345 | BD95: =VLOOKUP(A95,Jogos!A:BN,62,0) -> 51.85 | BE95: =VLOOKUP(A95,Jogos!A:BN,63,0) -> 0.94 | BF95: =VLOOKUP(A95,Jogos!A:BN,64,0) -> 17.64 | BG95: =VLOOKUP(A95,Jogos!A:BN,65,0) -> 30.13 | BH95: =VLOOKUP(A95,Jogos!A:BN,66,0) -> 20.175
A96: 4 | B96: Group A | C96: Group | D96: 45823 | E96: 0.75 | F96: =VLOOKUP(A96,Jogos!A:N,10,0) -> Evening | G96: MetLife Stadium | H96: =VLOOKUP(A96,Jogos!A:L,12,0) -> Open | I96: =VLOOKUP(G96,'Estádios e Cidades'!A:B,2,0) -> East Rutherford | J96: Palmeiras | K96: =VLOOKUP(J96,Equipes!A:F,6,0) -> Temperate | L96: =VLOOKUP(J96,Equipes!A:C,3,0) -> 8 | M96: =if(L96<3,"Final",IF(L96<5,"Semi-final",if(L96<9,"Quarter-final",if(L96<17,"Round of 16","Group")))) -> Quarter-final | N96: FC Porto | O96: =VLOOKUP(N96,Equipes!A:C,3,0) -> 23 | P96: =if(O96<3,"Final",IF(O96<5,"Semi-final",if(O96<9,"Quarter-final",if(O96<17,"Round of 16","Group")))) -> Group | Q96: =L96-O96 -> -15 | R96: =VLOOKUP(J96,Equipes!A:B,2,0) -> Palmeiras | S96: 18-Palmeiras | T96: 18 | U96: MAURICIO | V96: =VLOOKUP(U96,Jogadores!B:C,2,0) -> FW | W96: =VLOOKUP(U96,Jogadores!B:D,3,0) -> 24.115068 | X96: 0 | Y96: 65 | Z96: =VLOOKUP(A96,Jogos!A:L,3,0) -> 48 | AA96: =IF(X96<45,if(Y96>=45,Z96-X96,if(Y96<=Z96,Y96-X96,Z96)),0) -> 48 | AB96: =VLOOKUP(A96,Jogos!A:L,4,0) -> 49 | AC96: =IF(X96<45,if(Y96<=45,0,Y96-45),AB96+45-X96) -> 20 | AF96: =AE96+AC96+AA96 -> 68 | AG96: 7512 | AH96: 2591.4 | AI96: 2892.1 | AJ96: 1335 | AK96: 532.3 | AL96: 161.1 | AM96: 128 | AN96: 44 | AO96: 30.6 | AP96: =AG96/$AF96 -> 110.47059 | AQ96: =AH96/$AF96 -> 38.108824 | AR96: =AI96/$AF96 -> 42.530882 | AS96: =AQ96+AR96 -> 80.639706 | AT96: =AJ96/$AF96 -> 19.632353 | AU96: =AK96/$AF96 -> 7.8279412 | AV96: =AL96/$AF96 -> 2.3691176 | AW96: =(AK96+AL96)/AF96 -> 10.197059 | AX96: =AM96/$AF96 -> 1.8823529 | AY96: =AN96/$AF96 -> 0.64705882 | AZ96: =VLOOKUP(A96,Jogos!A:BN,58,0) -> 17.995 | BA96: =VLOOKUP(A96,Jogos!A:BN,59,0) -> 13.725 | BB96: =VLOOKUP(A96,Jogos!A:BN,60,0) -> 75.5 | BC96: =VLOOKUP(A96,Jogos!A:BN,61,0) -> 15.345 | BD96: =VLOOKUP(A96,Jogos!A:BN,62,0) -> 51.85 | BE96: =VLOOKUP(A96,Jogos!A:BN,63,0) -> 0.94 | BF96: =VLOOKUP(A96,Jogos!A:BN,64,0) -> 17.64 | BG96: =VLOOKUP(A96,Jogos!A:BN,65,0) -> 30.13 | BH96: =VLOOKUP(A96,Jogos!A:BN,66,0) -> 20.175
A97: 4 | B97: Group A | C97: Group | D97: 45823 | E97: 0.75 | F97: =VLOOKUP(A97,Jogos!A:N,10,0) -> Evening | G97: MetLife Stadium | H97: =VLOOKUP(A97,Jogos!A:L,12,0) -> Open | I97: =VLOOKUP(G97,'Estádios e Cidades'!A:B,2,0) -> East Rutherford | J97: Palmeiras | K97: =VLOOKUP(J97,Equipes!A:F,6,0) -> Temperate | L97: =VLOOKUP(J97,Equipes!A:C,3,0) -> 8 | M97: =if(L97<3,"Final",IF(L97<5,"Semi-final",if(L97<9,"Quarter-final",if(L97<17,"Round of 16","Group")))) -> Quarter-final | N97: FC Porto | O97: =VLOOKUP(N97,Equipes!A:C,3,0) -> 23 | P97: =if(O97<3,"Final",IF(O97<5,"Semi-final",if(O97<9,"Quarter-final",if(O97<17,"Round of 16","Group")))) -> Group | Q97: =L97-O97 -> -15 | R97: =VLOOKUP(J97,Equipes!A:B,2,0) -> Palmeiras | S97: 22-Palmeiras | T97: 22 | U97: Joaquin PIQUEREZ | V97: =VLOOKUP(U97,Jogadores!B:C,2,0) -> DF | W97: =VLOOKUP(U97,Jogadores!B:D,3,0) -> 26.945205 | X97: 0 | Y97: =45+AB97 -> 94 | Z97: =VLOOKUP(A97,Jogos!A:L,3,0) -> 48 | AA97: =IF(X97<45,if(Y97>=45,Z97-X97,if(Y97<=Z97,Y97-X97,Z97)),0) -> 48 | AB97: =VLOOKUP(A97,Jogos!A:L,4,0) -> 49 | AC97: =IF(X97<45,if(Y97<=45,0,Y97-45),AB97+45-X97) -> 49 | AF97: =AE97+AC97+AA97 -> 97 | AG97: 10014 | AH97: 4086.8 | AI97: 3282.9 | AJ97: 1499.1 | AK97: 806.2 | AL97: 339.1 | AM97: 129 | AN97: 61 | AO97: 32.4 | AP97: =AG97/$AF97 -> 103.23711 | AQ97: =AH97/$AF97 -> 42.131959 | AR97: =AI97/$AF97 -> 33.84433 | AS97: =AQ97+AR97 -> 75.976289 | AT97: =AJ97/$AF97 -> 15.454639 | AU97: =AK97/$AF97 -> 8.3113402 | AV97: =AL97/$AF97 -> 3.4958763 | AW97: =(AK97+AL97)/AF97 -> 11.807216 | AX97: =AM97/$AF97 -> 1.3298969 | AY97: =AN97/$AF97 -> 0.62886598 | AZ97: =VLOOKUP(A97,Jogos!A:BN,58,0) -> 17.995 | BA97: =VLOOKUP(A97,Jogos!A:BN,59,0) -> 13.725 | BB97: =VLOOKUP(A97,Jogos!A:BN,60,0) -> 75.5 | BC97: =VLOOKUP(A97,Jogos!A:BN,61,0) -> 15.345 | BD97: =VLOOKUP(A97,Jogos!A:BN,62,0) -> 51.85 | BE97: =VLOOKUP(A97,Jogos!A:BN,63,0) -> 0.94 | BF97: =VLOOKUP(A97,Jogos!A:BN,64,0) -> 17.64 | BG97: =VLOOKUP(A97,Jogos!A:BN,65,0) -> 30.13 | BH97: =VLOOKUP(A97,Jogos!A:BN,66,0) -> 20.175
A98: 4 | B98: Group A | C98: Group | D98: 45823 | E98: 0.75 | F98: =VLOOKUP(A98,Jogos!A:N,10,0) -> Evening | G98: MetLife Stadium | H98: =VLOOKUP(A98,Jogos!A:L,12,0) -> Open | I98: =VLOOKUP(G98,'Estádios e Cidades'!A:B,2,0) -> East Rutherford | J98: Palmeiras | K98: =VLOOKUP(J98,Equipes!A:F,6,0) -> Temperate | L98: =VLOOKUP(J98,Equipes!A:C,3,0) -> 8 | M98: =if(L98<3,"Final",IF(L98<5,"Semi-final",if(L98<9,"Quarter-final",if(L98<17,"Round of 16","Group")))) -> Quarter-final | N98: FC Porto | O98: =VLOOKUP(N98,Equipes!A:C,3,0) -> 23 | P98: =if(O98<3,"Final",IF(O98<5,"Semi-final",if(O98<9,"Quarter-final",if(O98<17,"Round of 16","Group")))) -> Group | Q98: =L98-O98 -> -15 | R98: =VLOOKUP(J98,Equipes!A:B,2,0) -> Palmeiras | S98: 26-Palmeiras | T98: 26 | U98: MURILO | V98: =VLOOKUP(U98,Jogadores!B:C,2,0) -> DF | W98: =VLOOKUP(U98,Jogadores!B:D,3,0) -> 28.356164 | X98: 0 | Y98: =45+AB98 -> 94 | Z98: =VLOOKUP(A98,Jogos!A:L,3,0) -> 48 | AA98: =IF(X98<45,if(Y98>=45,Z98-X98,if(Y98<=Z98,Y98-X98,Z98)),0) -> 48 | AB98: =VLOOKUP(A98,Jogos!A:L,4,0) -> 49 | AC98: =IF(X98<45,if(Y98<=45,0,Y98-45),AB98+45-X98) -> 49 | AF98: =AE98+AC98+AA98 -> 97 | AG98: 8506.5 | AH98: 3487 | AI98: 3389.7 | AJ98: 1075.5 | AK98: 437.3 | AL98: 117 | AM98: 99 | AN98: 36 | AO98: 30 | AP98: =AG98/$AF98 -> 87.695876 | AQ98: =AH98/$AF98 -> 35.948454 | AR98: =AI98/$AF98 -> 34.945361 | AS98: =AQ98+AR98 -> 70.893814 | AT98: =AJ98/$AF98 -> 11.087629 | AU98: =AK98/$AF98 -> 4.5082474 | AV98: =AL98/$AF98 -> 1.2061856 | AW98: =(AK98+AL98)/AF98 -> 5.714433 | AX98: =AM98/$AF98 -> 1.0206186 | AY98: =AN98/$AF98 -> 0.37113402 | AZ98: =VLOOKUP(A98,Jogos!A:BN,58,0) -> 17.995 | BA98: =VLOOKUP(A98,Jogos!A:BN,59,0) -> 13.725 | BB98: =VLOOKUP(A98,Jogos!A:BN,60,0) -> 75.5 | BC98: =VLOOKUP(A98,Jogos!A:BN,61,0) -> 15.345 | BD98: =VLOOKUP(A98,Jogos!A:BN,62,0) -> 51.85 | BE98: =VLOOKUP(A98,Jogos!A:BN,63,0) -> 0.94 | BF98: =VLOOKUP(A98,Jogos!A:BN,64,0) -> 17.64 | BG98: =VLOOKUP(A98,Jogos!A:BN,65,0) -> 30.13 | BH98: =VLOOKUP(A98,Jogos!A:BN,66,0) -> 20.175
A99: 4 | B99: Group A | C99: Group | D99: 45823 | E99: 0.75 | F99: =VLOOKUP(A99,Jogos!A:N,10,0) -> Evening | G99: MetLife Stadium | H99: =VLOOKUP(A99,Jogos!A:L,12,0) -> Open | I99: =VLOOKUP(G99,'Estádios e Cidades'!A:B,2,0) -> East Rutherford | J99: Palmeiras | K99: =VLOOKUP(J99,Equipes!A:F,6,0) -> Temperate | L99: =VLOOKUP(J99,Equipes!A:C,3,0) -> 8 | M99: =if(L99<3,"Final",IF(L99<5,"Semi-final",if(L99<9,"Quarter-final",if(L99<17,"Round of 16","Group")))) -> Quarter-final | N99: FC Porto | O99: =VLOOKUP(N99,Equipes!A:C,3,0) -> 23 | P99: =if(O99<3,"Final",IF(O99<5,"Semi-final",if(O99<9,"Quarter-final",if(O99<17,"Round of 16","Group")))) -> Group | Q99: =L99-O99 -> -15 | R99: =VLOOKUP(J99,Equipes!A:B,2,0) -> Palmeiras | S99: 41-Palmeiras | T99: 41 | U99: ESTEVAO | V99: =VLOOKUP(U99,Jogadores!B:C,2,0) -> FW | W99: =VLOOKUP(U99,Jogadores!B:D,3,0) -> 18.273973 | X99: 0 | Y99: 65 | Z99: =VLOOKUP(A99,Jogos!A:L,3,0) -> 48 | AA99: =IF(X99<45,if(Y99>=45,Z99-X99,if(Y99<=Z99,Y99-X99,Z99)),0) -> 48 | AB99: =VLOOKUP(A99,Jogos!A:L,4,0) -> 49 | AC99: =IF(X99<45,if(Y99<=45,0,Y99-45),AB99+45-X99) -> 20 | AF99: =AE99+AC99+AA99 -> 68 | AG99: 6938.5 | AH99: 2599.7 | AI99: 2654 | AJ99: 1075 | AK99: 440.3 | AL99: 169.5 | AM99: 92 | AN99: 36 | AO99: 30.9 | AP99: =AG99/$AF99 -> 102.03676 | AQ99: =AH99/$AF99 -> 38.230882 | AR99: =AI99/$AF99 -> 39.029412 | AS99: =AQ99+AR99 -> 77.260294 | AT99: =AJ99/$AF99 -> 15.808824 | AU99: =AK99/$AF99 -> 6.475 | AV99: =AL99/$AF99 -> 2.4926471 | AW99: =(AK99+AL99)/AF99 -> 8.9676471 | AX99: =AM99/$AF99 -> 1.3529412 | AY99: =AN99/$AF99 -> 0.52941176 | AZ99: =VLOOKUP(A99,Jogos!A:BN,58,0) -> 17.995 | BA99: =VLOOKUP(A99,Jogos!A:BN,59,0) -> 13.725 | BB99: =VLOOKUP(A99,Jogos!A:BN,60,0) -> 75.5 | BC99: =VLOOKUP(A99,Jogos!A:BN,61,0) -> 15.345 | BD99: =VLOOKUP(A99,Jogos!A:BN,62,0) -> 51.85 | BE99: =VLOOKUP(A99,Jogos!A:BN,63,0) -> 0.94 | BF99: =VLOOKUP(A99,Jogos!A:BN,64,0) -> 17.64 | BG99: =VLOOKUP(A99,Jogos!A:BN,65,0) -> 30.13 | BH99: =VLOOKUP(A99,Jogos!A:BN,66,0) -> 20.175
